clear_text,class
bagus luka bekas jerawat hilang kulit lembab pakai salah masalah kulit situ normal cenderung kering fungsi,1
alhamdulillah pakai kenapa-napa alhamdulillah sensitif kenapa-napa rasa pakai bikin kulit rasa kulit custom cerah bikin muka kenyal kering lembab,1
minggu bulan pakai muka gin benar cerah shining suka banget parah temu terhits banget bilang emang bagus hasil oke harga jangkau,1
pakai normal mulus cerah awat cocok banget,1
hasil optimal maka pus salah aplikasi kulit kulit kulit lembab halus sehat cerah cerah putih cerah,1
benar hilang bekas jerawat hitam jerawat nama muka gampang jerawat jarang banget bersih alhamdulillah benar hilang noda bekas jerawat progres cerah wajah tingkat tone kulit hasil cepet recommended efek cepat pakai plus mulut cocok milik kulit sensitif milik kulit jerawat jerawat kombinasi bikin izin breakout,1
minggu pakai hasil samar hasil lembab hidrasi kering muka cerah mulus jerawat bruntus jidat tiga hari pakai ilang perlahan perlahan hilang keren banget jerawat batu kiri pakai rasa banget cerahin ngeratain warna kulit banget pakai hilang bekas bekas jerawat bekas jerawat pipi bilang minggu cerah banget bilang bekas,1
cepet banget resap hasil kenyal lembab kayak kulit sehat fresh bikin bikin kulit cerah kulit muka cerah kulit tone rata,1
sma banget masker bahan organik masker timun masker tomat emang masker organik sembuh halus ampuh masker green tea masker yogurt strawberry hilang jerawat masker masker green tea masker yoghurt strawberry masker buat gimana linknya cek gimana pokok hilang jerawat ampuh sungguh rekomen masker ilang-ilang hilang proses cepat proses minggu hilang masker benar hilang butuh kakak minggu minggu guna minggu pakai masker green tea anti masker yoghurt strawberry info hilang jerawat tindak oksidan anti aging hilang bekas jerawat halus cerah lembut rasa hilang kurang frekuensi masker minggu hilang bunda oh hilang masker peluk cepat temu takut beneran bos gimana,1
nge-review kulit rawat kemarin cobain peran korea penasaran coba nama tarik banget produk blackhead green tea tox bubble cleanser intense rawat penasaran banget fungsi sensor cuman angkat blackhead bersih pori kondisi kulit kaya stimulus pori daerah cidaun pori gede produksi minyak gede suka takdir hamdan lama blackhead pakai gimana pakai in kulit kering tinggal bawain wajah kejap ubah babel senter kandung jenis teh bantu lumer komedo kulit biar menit menit tinggal pakai jari pijit wajah kemarin komposisi seni mie koba babel kontak particles inti list daun kering kuli untung angkat pasang rumah gimana biji tulis kulit tinggal tambahin air hangat pencet bapak bilang menit bilang wajah wajah menit kandung konser kecil encang pori clan pertama cobain cuci wajah fresh banget kaya pori rapat total hilang nama pori bersih banget halus kitu love the way cocok all kulit types rekomen banget kulit berkomedo pori ngerasain efek suka cleanser elu piece bantu beres kulit bikin jerawat kulit saranin banget cari freezer cobain ulang untung bikin efek negatif putus biji cocok benar ngebersihin kulit banget pakai hasil kemarin coba puja niacin brightening sleeping mask lucu banget hijau kuning suka banget kaki sleeping mask pakai the last step of ours pakai essence selesai timpa sleeping mask alas cobain kusam bilang putih muka kadang kalo sabtu muka kusam sis pesan jerawat kemarin bahasa inggris kandung game buah fotoin kandung gohu ja vitamin lipat lemon bantu cerah kulit bikin kulit halus first impression pas pakai wangi stres banget jatuh dalam gin vektor word warna kuning wangi banget kulit jeruk mandarin orange pas pakai muka banget produk pakai aktivitas michael suami file buah yuja amat produk kandung niacinamide fungsi kulit cerah rata kulit rawat tanding kandung sleeping mask pakai malam habis pakai pulang lembab kenyal sticky suka suka lengket lengket cuman pulang lengket kasih pindah lengket ulang tes hasil cobain beneran bantu cerah kue pakai pagi kulit cerah putih banget kaya pelan cerah keras dikit suka banget beneran bantu cerah mas gimana intens pakai dual layer suka hujan cari banget risti simple banget produk oke cocok coba minyak tunai main bagus kemarin posting coba cobain rata bilang bagus banget pakai hasil tuju oke moga manfaat kasih alamat beli produk,1
micy jiglyciouss kalender muncul bear face ulas salah kulit rawat coba tes kasih reviewnya liat judul ulas sambaimi bye-bye blackhead masalah komedo whitehead blackhead masalah pori kulit kusam wajib video ingetin lupa and jiglyciouss es video yuk bahas sam bye bye blackhead kemarin penasaran sampa marketing lumayan kencang klaim chord cindai green tea tox detox wajah intensif blackhead clear kaya komedo wajah suka komedonya ganggu komedonya kulit kusam komedo kulit kusam make up susah banget tempel nempelnya sempurna complexion coba bye bye blackhead cocok coba snell ika pakai bh-nya coba so far kulit bye bye blackhead tekstur gemes banget kandung inti pakai wajah ubah bubble komedo habis angkat kembali kencang kulit wajah coba klaim oke banget coba minggu ulas coba mixture produk bagus putus guna nunjukin kemas beli dus jelas low ph blackhead clear babel kandung green tea guna menit diemin menit gosok lembut bilas encang kulit banget packaging-nya kemas dalam packaging-nya gampang banget ngeluarin produk depan ukur gede sayang pas banget tunjukin guna tunjukin tekstur tangan tekstur gin bening banget green tea green tea green tea asli wangi banget wangi wangi green tea wangi green tea mint-nya seger banget pakai wajah banget bilang kalo kulit rawat wangi suka wangi refreshing hirup wangi emang segeri cobain tangan lihatin tekstur tak ubah babel babelnya muncul nerima pikir babel banget produk cepet banget babelnya muncul tahan dingin fresh banget nanyain pakai wajah amin menit menit aduk gosok halus gede muin tangan pakai wajah pakai wajah kasih tunggu mari coba pake tangan taruh tanganin ucapin wajah tipis tipis uang banget wangi green tea hidung pokok lewat ingetin pakai masker apa mansyur kulit bersih tempel in busa muncul pikir muncul bu muncul nunggu lama oke fun kulit rawat kulit rawat korea hal gin suka kaya ngapain rajin kulit rawat kulit rawat and kulit rawat gin hibur lucu banget ngewenya bentuk jel tekstur green tea green tea pakai wajah bentuk hayabusa gin group wangi banget instruksi nunggu menit busa kayak tangan pakai in muncul busa kayak pakai-in wajah udara ubah busa wajah sensasi sakit silbi geli busa banget kayak wajah produk leleh melting komedo blackhead tunggu menit of kamera menit oke so menit kayak diemin jam banyak tubuh hidung tutup mari pijit menit pijit busa lengket kempes muka kulit lengket diginiin sensasi kerabat butir alus angkat komedo sel kulit mati mijit wajah ingetin pakai jari manis jari manis pas banget tekan wajah minjemin nafsu kasihan nafsu kulit luka nanya pakai kulit jerawat boleh tes jerawat efek kulit beda pakai kulit jerawat fungsi hilang jerawat coba pijit gin banget suka mijit wajah pakai kota rasa banget cerah banget besok event pas banget pakai beres kayak menit pijit bilas pakai kau bilas pakai air anget bilas beneran bagus pakai air anget pakai air dingin biar cepet ilang oke balas beres bilas rasa saat pakai produk benar fresh banget wajah kamera ngelihat cuman wajah beneran cerah fresh wajah pegang benar halus banget kulit ngelihatin kulit wajah halus banget awal kemarin pakai gosok pakai habis cobain hasil bikin wajah jerawat bruntusan kulit cocok halus banget cerah suka banget wangi pakai itung-itung ngerefresh banget suka banget kulit rawat wangi hidung masalah komedo blackhead wajib coba rekomendasi bilang jerawat pakai tes bikin kulit wajah jerawat apa bilang kulit jerawat kulit mah bikin jerawat pakai ingetin kulit beda kulit ditanyain tulis kolom diam bisa balas moga manfaat referensi hilang komedo ribet bikin sakit sopan senang cobain segitu video lupa and jiglyciouss es,1
come kasih korea banget wajib beli sampai lintas lupa tonton ramayana oke kasih ciri korea bilang kaya jenis babel kaisar pakai minggu sasar beli official store benar coba produk beli nyampe beli asli sonya korea baca manfaat bisnis intensif rekeningcare bye bye blackhead kandung tri in wan produk menit cerah kulit bersih residu pori mutasi gen muncul otomatis bersih qori qori kulit kulit mati kartu kapsul vitamin butir koja muncul bersih tekstur kulit tambah vitamin kulit wajah tiga awat cerah intensif extra geh jujur sk jeruk peras jeju bersih cerah kulit top speed racing masyarakat kulit cepat menit gadis guna lama lo ph brightening dalam vita rx rpm vitamin atur scrap ppm kandung vitamin vitamin bagus kulit suka belang gelap bagus banget cocok ulas pakai tampil tekstur cepetin unggul sifat jujur bye-bye ismi baik situ hilang pori hilang komedo hitam putih cerah kulit baca otak tulis korea terjemah packaging-nya benar bagus gin warna bagus keras hijau merah kuning pokok bagus banget segel beli hp suka nyanyi licin mulus geng suka banget simple buka bye bye produk warna kuning lucu banget kuning dalam bubble bubble babble babble bintik hitam bapak bilang isi gram bubble cleanser diam menit bentuk muka tekan gin kuning kuning kuning lebay sebel banget pasti pakai wa coba coba suruh cepet banget pakai pakai negara tunggu kembang babel tekstur coba tekstur gimana baik seger banget bau oh pastiin wajah bersih cuci muka wajah kering basah busa baper wajah bersih kering harga bye-bye beli official store lomba underscore official benar produk asli sekian kemarin voucher pakai harga murah banget harga harga sekian murah banget potong harga hemat pasuruan beli sampai saranin tungguin voucher samain voucher belanja kemarin kopi voucher potong sekolah siap nunggu barang iya oke menit babel gin gin anjur wa gin pakai jari mana wangi jeruk uang segar wangi hujan jeruk campur jeruk nipis kandung gin bakso pakai ayah gin segar dingin wangi jeruk tenang banget tulis cerah beda kayak semangat kulit belang chat-an kasih bye bye bye simi terima kasih cobain penasaran bawa kakak rating segar dingin uang nakal banget suka bapak buka bikin muka cerah bikin gin coba percaya sekian informasi penasaran bye bye bye bye bye blackhead video rekomen hijau nyampai bye bye oke sekian lupa dukung gratis kritik terima kasih jumpa,1
micy jiglyciouss ngebahas sa kulit rawat vitamin kemarin coba vitamin diam nanyain pake gimana pakai vitamin lupa kasih detik men-subscribe oke serius es video yuk video kemarin coba vitamin vitamin dikirimin korea nyuruh coba produk reviewnya gimana bagus muas ngeri produk jujur pakai titri oil lumayan bagus kulit kasih vitamin penasaran cocok bagus ragu vitamin zat aktif lumayan keras pakai vitamin kulit jerawat kulit gampang jerawat pakai tricky perhati kulit pakai peri pakai tumbuh jerawat gimana paksa pelit pakai vitamin artikel bagus kulit kulit rawat kerja kulit rawat kerja jodoh cocok jatuh hati takdir cocok cocok cocok coba minggu oke banget kemas standar gin packaging-nya korea ditanyain favorit banget urus produk kemas pilih elegan mahal banget super cut beli packaging-nya packaging-nya elegan bagus kirim korea bahasa belakang korea texture gin tekstur cair banget warna bening kuning ngelihat jeruk peras wangi beneran wangi jeruk wangi banget asli wangi pas beneran jeruk seger banget gin dus aduh bagus predator kecewa urus kemas kemas gin tekstur cair emang gin gin warna kuning bening wangi wangi jeruk banget banget betapa suka kulit rawat wangi pa wangi bunga buah wangi kaya wangi obat suka kasih guna masukin sisa room dalam step kulit rawat pakai hasil maksimal baca lakuin pakai vitamin pakai and it s really works on me pakai vitamin malam pakai pakai kulit rawat kulit kulit pakai cari pas guna wajah cocok pakai malam pakai malam pakai malam malam hari besok hasil kulit banget malam pakai pagi bagus serta hydration benar hidrasi kulit pakai sunscreen spf kulit sensitif pakai cuci muka pakai kapas wajah pakai kulit rawat gosok kulit oles kulit turun serum gin pakai lembut pakai hasil gatal gimana pakai rileks nunggu menit abis tambahin produk serap benar kulit lanjutin sarung pakai pakai heboh cuman tetes tetes tetes pakai tangan tap tap tap tampil produk benar serap pakai kulit rawat istri work on me gimana pakai guna wajah segar serum pakai emang tekstur lengkap lengket na pakai kulit rasa banget cerah habis pakai vitamin tidur besok pagi kulit benar kenyal rasa sehat lebay kenyal pakai make up simple nempel banding foto tips pakai vitamin bareng exfoliator kulit gabung pakai vitamin bagus gabung produk kandung zat aktif iclay bentrok keras kulit wajah alas suka malam pakai vitamin cuman pakai pakai kulit rawat nanya gin contoh kak kulit mending pakai kak banget sembuh jerawat pakai pakai recommended teh kau aduh takut coba coba kulit serah coba cuman rekomendasi diobatin takut ajar ajar kulit ajar cocok cocok segitu video lupa and add delicious sd,1
warahmatullah bahasa inggris ulas kulit rawat korea super duper hits banget brand tebak brainly sertifikasi idham azis safety red gradient harga beauty brand awards produk banget banget bahas hp hp-nya tahun tinggal balas kering kusam kadang suka timbul jerawat kecil atas pakai banget cerah kulit hilang jerawat banget halus kulit jual ton detik cocok jenis kulit kulit super duper sensitif alhamdulillah apa merah bracket kunci tanah kandung ph kulit bersih sinar kandung km ekstrak pohon teh alami efektif elastisitas nutrisi kulit efek iritasi kandung bahan warna bahaya banget bingung bht fungsi fungsi fungsi angkat sel kulit mati atas flek bekas jerawat flek hitam atas ah atas minyak lebih sumbat pori temen-temen kulit minyak banget ph fungsi nutrisi kulit kembali kelembaban kulit praktek gimana biasa paket pakai kapas produksi banding sampein waja pakai pagi sore aman jenis kulit dikasihin suruh biarin resap kulit jelasin manfaat bantu sembuh kulit jerawat kontrol minyak lebih cegah tua kecil pori wajah atas komedo nutrisi kulit angkat sel kulit mati treatment wajah leher ajaib angka rasa beda pakai rutin pakai pha solar jalan transfer jual benar ringan banget kulit lengket banget tetep cepat banget resap kulit kain ngetik lantai kulit gampang diginiin gin gin bahan kaca ringan transfer friendly percaya bawa masukin kertas aman banget bentuk ramping mudah ngambil patung mudah banget panggil pakai macet beda sehat lembab rasa pangkat beda kadang cocok breakout gede bikin perih kulit benar pakai apa apa gimana aman harga jangkau juta manfaat mil harga cuman rp pakai rambut buka badan badan pakai ering harga rp beli alamat bio lomba antum deskripsi bos tinggal buka oke terima kasih rezeki moga manfaat teman bingung pakai pakai pakai oke banget video,1
bikin ulas ni oke saran gimana cepat jenis oke bales stand pha acne clear foam kemas karton gin produk bentuk gin bentuk isi mil oke klem facial foam baik sabun tabung kulit jelasin jelas produk facial foam kandung salicylic fungsional fungsi bersih sel kulit mati angkat sebum picu jerawat tuju korea efda foam cleanser fungsional kulit jerawat sensitif tiga isi truk sikap kompleks ppm kembang empat kandung ppm centella asiatica banyak banget orang bahas kandung centella asiatica rp air daun teh tenang kulit masalah bahan hasil alami aman bersih isi bahan warna kuning kompres bebas bahan kimia bahaya tes uji iritasi kulit bersih ringan alami asal surfaktan pakai liatin kondisi pakai foam cleanser tekstur printer gimana gin komentar warna putih kental banget coba hasil toples bilang bilang ngerasain kesat tempat bersih banget dijelasin acne rawat deep evolution pakai produk minggu nyampe rumah pakai nyetting pakai muka benar kotor angkat sel kulit mati pakai reaksi kulit timbul jerawat simpul cocok kulit mineral calming suncream teh gin gin warna hijau putih tulis tulis korea segel kemas produk bentuk isi mil jelas gaji kandung singkat spf pea dermatology tested in function mineral singkat calm jelasin jelas produk kandung spf plus plus plus plus setting lindung sinar induksi rasa pantul sinar uv serap kulit rusa screen kandung partikel kurang serap kulit teknologi eksplosif tinggal white cast wajah isi titik makmur ekstrak senter ekstrak cerah kulit tekan sinar uv tes uji iritasi kulit bebas bahan kimia bahaya aroma buat warna buat milik fungsi lawan sinar yupi cerah antik sanken kulit rawat urut rumah rumah pakai nama cegah kulit bakar sinar matahari cegah tua cuaca panas banget pakai sunscreen dana sunscreen spf pakai rumah pakai sunscreen spf-nya bawa latin tekstur gimana foto banget banget pas ini baper wangi alami banget angin tonernya gin persis banget komentar,1
sesuai judul ulas penasaran gimana efek kulit aktif transitif only just on notifikasi teman tinggal lupa yuk segi packaging-nya beda serum series smelter sikap boks kemas warna merah pendek ikut jaring gin otomatis pendek anak pokok kemas dalam kaca plastik tebel banget tutup warna item packaging-nya banget niacin sleeping mask ukur love banget beda warna merah item dominan warna kuning coklat buka baca kandung kandung sikring ppm nutrisi mau manfaat nutrisi kuat kulit cipta otomatis antiinflamasi reda merah kandung marine collagen baik kulit artis elastis kulit permen bantu melembabkan kulit lem kulit kenyal lembab kuat dinding kulit kulit lelah sehat jaga kulit zaman zaman kulit rumah aroma aroma kuat teman suka bawa ginseng suka tekstur gin cair kayak cair dipastiin teman maka pulang taruh muka netes-netes krim pastiin temen-temen krim benar netes offline wajah lem gin butuh buat arab lengket resap dah ilang pakai kulit rawat pagi pelembab pagi pas malam senin pelembab kirimin pakai masker ice multifungsi ke- pelembab day mas baca pelembab masker ice pakai pakai kirim benar bikin cerah cerah bikin wajah oli wetluk banget temen-temen hati super melembabkannya banget banget banget bikin wajah oli lo kemarin pakai pakai kertas malam bangun tidur muka kilang minyak gambar foto kasih temen-temen wajah cerah cerah alus kenceng teratai beli turut banget kilang minyak kirimin melembabkannya wow pakai dikit banyak kulit kerang bermi kirim oplos biar efek lu pas pakai coba temen-temen kulit kering normal efek pas temen-temen kulit bermi pakai biar efek wetluk kilang minyak preferensi suka tampil wetluk empat temen-temen suka selesai butuh kulit bikin cerah bikin alus bikin kenceng bikin rambut wajah kirimin cerita reda merah wajah acne scar wajah baik jerawat kempes jerawat butuh kencang tonernya weton kemarin cepet sebut turun cepet banget resin jerawat cepat anak pakai jerawat pelan banget progres tonernya sinyal fisika muka pakai shelter vika teman muka banget benar bikin wajah super lembab super cerah beli banget banget muka wetlook jadiin masker benar kulit lembab kenyal lembut saldo putih bakteri cerah sejarah pakai yuja niacin cerah cerah cerah pakai yuja niacin jajan pakai banget temen-temen cerah jadiin ice pakai progress begadang butuh efek metode gram beli sekitar rp tahap simpul ntar bagus banget tingkat melembabkannya bagus banget nampol banget cerah kencang lembut merah merah wajah kulit nelpon kirim bikin wajah breakout puji minus wajah akun minyak bikin wajah wetlook temen-temen milik tipe kulit bermi setia pakai pakai biar wajah minyak lo emas jerawat kempes jerawat sembuh jerawat lengket bilang serap dah retak lengket ikut ilang samben iya ikan pakai moga teman suka ulas insya allah pakai update gimana pakai moga manfaat moga bantu thank you so much for next bye,1
pauline wahyuni viu kulit rawat suka banget coba cari kulit rawat tinggal negara indonesia sinar matahari riskan sinar uv matahari bahaya banget kulit bikin iritasi kanker kulit nama pakai kulit rawat lindung kulit sinar yubi jenis kulit rawat san air kemarin coba cari nemu brand korea nama sambaimi launching physical sunscreen efek tone up lindung kulit sinar uv kasih efek cerah kulit nama situ unik banget buru coba nama produk yuja niacin mineral brightening sun kemas refreshing banget warna kuning fresh unik physical tone up tingkat sd spv pea pakai sinar yubi intens baca yuja niacin santri mini banget manfaat tri in wan bus ngeblok sinar uv kulit rasa efek tone up cegah keriput tua inti tekan aplikasi kulit saksi sinar yubi inti sinar you kulit bahan samperin banget bahan utama kandung daya sinemaid bagus cerah kulit kandung ekstrak banget kandung vitamin fresh dalam bantu cerah mutih kulit pasti baca bebas tipe bahan bahaya kulit dermatologically tested aman jenis kulit pakai unsur hewani isi pesan isi warna putih susu tekstur tekstur kental kental arah kental krim banget tekstur whip halus lembut banget melembabkan first impression san parah wangi pakai kulit cium banget suami uang karawang isi buah refreshing banget cium banget wangi jeruk pas pakai insan print kulit tekstur yg halus lembut kulit olesin rasa kulit ikut lembut halus tipe krim mudah banget diratain ratain dikit sindikat sering banget bikin kulit rasa berat pasti suka san finishing tipe melembabkan kulit finishing bikin kulit minyak pakai samping pakai pagi siang pokok matahari muncul aktivitas hari pakai pakai kulit rawat rutin simpson karya sing area ekspos sinar matahari contoh area wajah leher tangan kaki hasil hujan yasin mineral putih sampeyan rasa efektor aku afternya banget beda pakai santri mini kulit banget gelap kusam pakai sunscreen kulit instan putih cerah ini cantik nurut unggul samping efek tone up instan samping naikin tone kulit kulit cerah putih pokok cantik pakai san hasil cerah sin inti setan hasil tone up kulit cerah lihat suka banget santren sayang kirimin bagus banget mudah banget ratain kulit minyak lengket nyaman banget pakai hari minyak melembabkan kulit pakai bikin kulit kering bikin kulit lembab kenyal tekstur kulit bagus pakai manfaat banget saran lindung kulit sinar yubi kasih efek tone up mutih kulit instan bantu banget efektor up kulit cerah bagus mudah make up alami oke banget pakai hari ok inti cocok banget yuja niacin mineral tanding rekomendasiin teman coba suka manfaat lupa sosial media lupa pauline wahyuni tips cantik giat hari tekan tombol lonceng belah tombol notifikasi upload makasih teman dukung temu dadah,1
pacar tes parade lupa minggu tinggal video ulas salah hits banget acne spot sambaimi detik pakai minggu banget buat rifki benar semir kau bales tonernya ah bhp tertib days me in isi bilang sisa habis pakai benar hari habis cuci muka abis bersih tua ngapain jelasin guna kulit rawat detail guna cuman cuci muka suka kulit kering tarik sabun cuci muka emang keren dasar kering ph wajah balas kembali ph wajah guna manfaat dapat ph kulit hydrating exfoliating whitening macam jelasin tekstur tekstur sambaimi air kental milky ngerasain samping benar cair air bbm pakai efek hydrating kulit kulit oil takut nyebutin hydrating hydrating kesan bermi kes kulit kenyal sehat bersih guna tuangin tangan sulfat wajah kain pakai ktp facial kapten pakai abis benar makeup berat banget make up tebel banget stabbing exfoliate wajah cuci muka tetep pakai residu tinggal cuman bikin muka hybrid bersih rawat cuman pakai tangan tanya ujung kak bukti pakai minggu efek pakai sakit minum antibiotik salah abis minum antibiotik jerawat muncul biji sama belah notif pas bekas jerawat belah antibiotik pakai treatment benar pakai kulit rawat kulit rawat skip kulit rawat pakai sambaimi minggu pakai kecuali hasil bareng super spot all kill terima jelasin kau acne gel jerawat benar ragang radang flek bekas jerawat susah banget hilang ampuh banget efek cerah upaya bersih kulit wajah benar ekstra keras hilang flek-flek lumayan bandel gitunya butuh nama super spot of clan pakai lumayan minggu minggu pakai bekas jerawat pudar banget butuh tinggal bukti pas jerawat merah banget tinggal foto line tekstur dejel tik banget bening ngatain gin serap kulit hasil met ngebales muka aneh banget serap nempelin gelap muka kek kek kek ajal hilang emang efek lumayan banget pakai minggu flek dulunya bandel banget techniques hilang bilang instan butuh nama konsistensi pakai pakai terus lupa kaya kembang biar cocok detail harga emang tarik coba taruh situ websitenya tera harga alamat beli situ sebutin banget video segitu ulas lupa ulas sambaimi novel koper minggu tinggal video thank you for and see you next bye,1
judul ulas see pakai usahain abang tera pakai ngomong yowes ngikut banget review-nya bingung pecah dapat cocok banget banget penasaran takut penasaran goblok pikir mikir mikir dikit inti mah penasaran timbang putus coba biarpun dapat beda abis coba kayak paham beda banget dapat dua kronologis pas pakai emang jerawat tau nama jerawat batu batu banget minggu matang emosi lo coba kondisi kulit emang jerawat dagu kecil lumayan bruntusan keras aneh pokok bingung pagi pakai jerawat mateng wanita beneran gemes banget telor ceplok banget pencetin pencetin beneran pokok jerawat mendem kulit henti pakai bikin don t believe and freezing percaya nama proses purging cocok lu proses emang jerawat stop cari pakai proses aneh putus maju pakai nanya bagi jerawat kenapa-napa mulus sungguh bingung pas jerawat malu-maluin banget kota travelling pesawat runyam kulit dagu penuh jerawat parah banget sisa cakep banget kulit galau purging timbul jerawat jerawat mangkelin mau pusing suka jerawat muncul maksimal abis kempes tinggal bekas jerawat pencetin abis pakai kulit bantu hilang bekas jerawat obat sempet bilang pakai baju essence kemarin seri tanaka bio white hilang bekas jerawat efek hilang noda hitam efek cerah pake serum pakai baju essence bikin video golek bagus hilang noda bekas jerawat bagus jerawat bandel kulit emang kayak papa pakai bilang bagi kulit jerawat kinclong suka pakai abis travelling emang scientific reasoning travelling pesawat pas nyampe sini kacau banget kulit bruntusan mau pencet hilang hilang pakai bilang bulan maka kemarin berhentiin pakai efek samping gantung pakai pakai selesai pakai aneh kenapa-napa kulit maknya pakai kapas pulang tangan templokin muka emang peeling pakai kapas feeling chemical pakai beneran pj kau cocok moga inti ketidakcocokan cocok gantung duduk cair banget emang air bau bau obat bau titri tepat kayak bahan utama bilang lo efek kulit gimana inti garis bawah sempat bagus jerawat bandel percaya inti have no problem gede pakai pergi pergi masalah moga bantu thank you so much for,1
setan benar pakai teman tahu susah banget produk jual picis detik sambang kandung fitri tuner xl madu jenis kandung kandung ph saudara milik kandung filter bentuk tunernya see kemas buat karton teman simpel banget warna hijau campur putih kombinasi lupa temen-temen belanja online offline ngecek segel cek kolor ijo nama pakai aplikasi genteng lupa bentuk dalam bentuk buat plastik buat plastik aman kokoh banget aman banget bawa mana ngejatuhin lantai aman bocor aman ketok ketok keras beres aman kandung paraben pakai pakai pagi aplikasi teman wajar bersih cuci muka pakai sabun cuci muka aplikasi teman teteh pakai tangan tempel wajah pakai pet gin tinggal sapu wajah rata mixer benar aplikasi tuner sam pha gin contoh aplikasi situ naga es kulit lembut padu kandung ph air dalam efektif jadi kulit bersih seri cerah kenyal lembab kering bekas jerawat pudar jerawat hilang potret hadir habis benar rasa habis coba kulit rawat moga manfaat teman coba ulas manfaat teman lupa klik dukung terminal thank you for and see you next terima kasih tonton habis lupa teman femina dukung klik shortcut teman lupa,1
selamat lagi ulas belum coba suka makan dianggurin penasaran karya kawan thomas your file ms glow baru penasaran gimana kasih jenis kulit normal bermi ini tiban ngebahas packaging-nya kemas kotak gin kotak terang pakai bahasa korea segel gin dalam botol gin warna gelap transparan plastik lumayan tebel lubang foto terang terang pakai bahasa korea kemas isi mil pulang cair warna kuning bau cium bau jam bawa formula ringan lengket terang kandung galactomyces semesta fermentasi ragi banget manfaat kulit putih prank call lain kandung vitamin ppm tahu manfaat vitamin segitu akting bengkel antioksidan pudar bekas jerawat noda hitam vitamin kaya naya cermat allantoin panthenol listerine propolis ekstrak aspek clan-nya putih tunggu bengkel rawat improve tekstur lucky egg stoner pakai gampang banget pakai tangan cuci muka tuangin tangan pakai pagi tuangin tangan tepuk wajah leher malam pakai make up pakai mastiin cita nempel muka pakai make up malam tua tangan rata wajah leher pakai pagi malam sesuai pakai pakai bulan bagus bagus bagus banget benar bagus kulit beneran bagus bilang bagus cocok kulit pas bilang cocok kulit kulit lembab halus cerah kasar hidung bibir biasa komedo ngerasain banget beda pas pegang halus banget pakai titik elek solihati kaya minyak tuju kontrol samar pori habis bangun tidur muka ria sehat banget kulit pegang halus banget lu cerah minyak kilap kilap kenal suka banget hasil kesini pelita sehat cerah pokok sangat rekomen galactomyces pure vitamin glow teman cari putih smoothing bengkel banget cobain bikin kulit keringat kulit lembab kandung komposisi alami kulit sensitif aman harga komposisi ecek hasil bagus banget penasaran produk benar penasaran banget coba oke segitu moga video manfaat moga suka lupa video teman lupa video ibu selasa kamis sabtu produk tulis cek tinggalin teman video klik linknya mbak makasih,1
micy jiglyciouss ulas ngehits banget klaim emang wow banget hilang bopeng lupa jiglyciouss es video yuk bahas ika nama produk kemarin lihat iklan lem wow banget klaim bopeng solusi masalah kulit pancing kulit bopeng tumbuh endap bopeng pakai muka kulit jujur percaya tarik skip coba clan-nya clan-nya mikir kalo bagus bekas jerawat bopeng kulit wajah bekas jerawat hasil bagus sembuh bopeng usaha keras kulit wajah bopeng tarik coba bukti beneran bagus nunjukin unboxing beli total bikin pakai minggu pakai minggu pakai berani ulas emang beneran cobain packaging-nya gin warna beda produk warna netral merah pikir botol kaca plastik khawatir pecah pakai paham pakai tes pakai pipet tekstur gin tekstur pikir lengket pakai pakai banget resep cepat sensasi lengket sedikit pakai pakai paham tap tap tap wajah tinggal tunggu bentar banget cepet banget merek benar cepat rasa lengket rasa apa pakai turut idris intoner kulit wajah kutu kering butuh hydrating pakai harap serum maksimal efek cerah minggu pakai kulit cerah tuju cerah kulit cocok pakai efek cerah efek cerah mas kandung lemon sayang beda bikin melembabkan becek banget hasil banget ubah kulit kusam cerah banget kulit jerawat cerah banget kulit pakai kulit benar sehat kulit beneran banget lebay kulit benar pas banget bantu hak hilang bekas jerawat sayang masalah kelembaban reviewnya kulit wajah bopeng semenjak hilang jerawat kulit rawat jerawat mending sembuh kondisi kulit baik pakai make-up pas banget lembab kering malam pakai kulit rawat pegang kulit banget samar bekas jerawat hasil benar bekas jerawat hilang kondisi kulit badan ih bugar sehat kulit sentuh pakai make-up kulit bagus pakai make-up gampang nempel tahan pakai foundation harga mahal benar patok banget pakai teh wajah kanvas pakai make-up bekas jerawat kulit radang cobain kandung smile vika vika vika cocok tenang kulit gabung snell vika bikin kulit bagus banget resap cepet banget salah jual indonesia online shop harga an awet banget pakai cuman tetes tetes pagi hari cuman pakai tetes rekomendasi sayang bilang bopeng ulas kulit bopeng parah gimana banget kembang gimana bilang so far pakai kulit rawat produk kayak males banget wajah hasil jomplang banget beda guna ngerasain ubah kulit kulit banget ubah gimana bagus kulit sehat kulit sehat hidrasi kanvas make-up banget kulit sehat makeup-in banget pikir pakai beli banget cobain ubah pakai segitu video mudah puas reviewnya pakai minggu kulit rawat ragu beli mudah bantu bingung bantu putus pakai segitu video lupa jiglyciouss es,1
senang banget neng tau kulit rawat bersih hilang jerawat bekas jerawat sesuai alam cobain kak suara kak pakai aplikasi pakai pakai aplikasi aplikasi pakai foto selfie pakai aplikasi sweet snap neng banget pakai aplikasi sweet snap suka banget foto stiker lucu mutihin wajah kesan foto ala korea bagus banget bagus banget cobain stiker banget pakai selfie pakai kamera pakai iphone xs pakai samsung six plus pakai samsung kayak stiker lucu banget banget ukur susu ukur fonsi foto foto full gin tunggu bulat gin profil stiker banget tunjukin stiker lucu gin pink oh minggu minggu gimana problem jerawat emang cuman wajar jerawat gin terang gimana kak bank kalsel kayak foto kasih liat foto jerawat banget tara kak desi jerawat diem salah kulit rawat awat kulit wajah asupan makan muncul brand korea brand kulit rawat korea kontak banget bilang kulit rawat hilang jerawat kenal banget kulit rawat korea salah oke ninggalin kodok coba dapetin sambaimi salah kulit rawat korea banget ulas bikin salah satu klaim tunernya dasi sabun cuci muka kenal itu tunernya turun hilang jerawat ph sedia kayak saran emang tuner kayak meja nyamuk pintar hilang jerawat ubah sulit penasaran terima ku coba situ coba minggu kemarin minggu emang real banget muka beda banget muka tunjukin foto liat banget beda banget emang hilang jerawat hilang bekas jerawat wajah muka fresh bersih repot mati jujur jujur pakai wajah kulit rawat cocok wajah berani coba ntar salah salah cocok bahaya emang nama ganti ganti kulit rawat tenang bawa temen rizki barang pakai nanya gimana bagus banget sabun mulus banget busa bersin wajah salah salah sabun emang iya emang bagus ngelembapin wajah bikin wajah kering pokok hydrating wajah bilang gimana emang benar ulas benar cinta banget ubah wajah pakai apa cuci muka dian cuci muka pakai sabun white beauty ngeganti sabun cuci muka tambah tulang nanya kapas pakai cuci muka cuci muka sisa kotor nempel sikapas hamil sabun cuci muka sebab problem wajah jerawat tumpuk sel kulit mati gin serah kakak bilang endorse film emang benar ulas jujur pakai wajah pakai coba kulit rawat cocok ganti perut bayi kasih menang status oke mas paket tanyain satu bank asing gampang banget banget lupa hidup email polisi akuades diwanti-wanti tiga foto posting malam teks teman main ikut giveaway bangkit minat ulang hidupin bel edition penti penti tag teman kolom foto ajak banget sahabat ikut giveaway buru ajak teman oke menang bilang sabun cuci muka krim pakai banget pakai kulit rawat wajah muka sih cerah fresh nanya kau pakai mic kiri gin sayang banget besok gimana cobain salah we lucu banget filter foto filter cuman foto boomerang memori boomerang boomerang pakai foto bagus stiker filter lucu parah wajah bersih mulus suka banget didownload play store download gratis vika vika ikut giveaway oke oke oke lupa kasih putus asa idupin bel cari,1
tonernya pakai ngerasain ikan clan-nya brightening brightening minum kulit benar cerah pakai tolak ukur pakai leher putih wajah pas pakai wajah kulit putih leher rasa pakai hebat banget pas pakai dua lebih melembabkan kenyal benar rasa putih brightening cerah pakai beneran pakai benar muka polos cuman pakai lipstik kondisi wajah benar baik pakai emang masalah coba brightening benar rasa cium merah cocok banget kak coba alergi vitamin kulit rawat kandung vitamin alergi cocok kaya vitamin banget warna wangi benar kayak vitamin c-nya banget alergi vitamin cocok cobain nomor ijo jerawat bruntusan oke banget ijo merah wajah kaya adem ayem jaga merah cuman wajah kusam wajah kusam kulit kering cocok banget pakai wangi tiga benar britania rasa banget banget kulit cerah ngerasain banget manfaat cocok banget cuman suruh milih benar cepat sleeping mas rasa banget pakai pas bangun tidur beneran cerah lembab pakai pakai benar fokus cobain dua pakai ngerasain manfaat kulit cuman kusam cocok bikin wajah lampu cerah sinar suka rekomen wajah cerah ulas singkat rekomen gantung butuh kaya gimana cerah cerah whitening rekomen banget cuman tekstur lain rekomen beneran putih rekomen ngerasain banget tunjukin leher cuman ngomong benar ngerasain putih cerah oke ulas singkat beli produk taruh linknya klik situ beli oke gin bye bye,1
katamaran judul ulas produk neotropika wakil tonernya snail gin bikin ulas pakai tonernya snail penasaran gimana refill-nya gimana hasil kulit wajah pakai snail lupa dedi banget sombong ngeluarin snell kursi kah cuman face wash serum pakai tonernya kemas kemas warna merah harun gin banget kek banget terang campur tangan pakai bahasa inggris bahasa korea depan tulis senior trusica sini klien kemas dalam gin botol plastik warna merah marun transparan gin terang kemas aplikatornya bentuk pam gin kayak gampang banget pakai kapas tuang tangan pakai kapas tinggal ambil angin produk deepam produk kapas kapas tet tet wajah swipe wajah wajah leher lupa tuang tangan tinggal pump taruh tangan habis tangan warung wareg habis tepuk halus wajah segitu tepuk gin oh tepuk wajah kenceng kenceng banget bayar perlahan-lahan halus lembut habis lupa area leher pakai intoner banget lupa pakai muka leher pakai pakai pakai kapas al pakai kapas pas muka jerawat parah pakai kapas kompres jerawat jerawat tuang tangan tap tap tepuk halus wajah pakai pagi malam rangkai naikin kelvin naikin kantin nanya pakai pakai telor first impression pakai minggu klik ubah habis minggu rasa ubah hasil banget pas jawa besok kecil nunggu jerawat jerawat perlahan-lahan nyampe situ jerawat mateng putih merah putih pakai takut pakai jerawat kecil muncul bruntusan suara ki suka pas pakai segar kulit fresh lama kulit wajah rasa kenyang banget minggu minggu kenyang pas oktober ngerasain kalo kulit uji lelaki elastis elastisitas pas pegang rasa halus efek hidrasi mata so so melembabkan parah bikin kering normal sehat tenang kulit wajah jerawat pms muncul pakai cepat resap dikotil efek apa bikin breakout berani pake temen-temen takut kulit sensitif takut cocok paket minggu beda cocok adaptasi percaya gimana reaksi gimana ninggalin kenapa emang dede bikin pakai pagi malam beli harga rp beli taruh cek mbok pakai snail bagus banget klik putus habisin botol update pakai instastory in taruh dikit gimana pakai habis botol bagus pakai muka bersih jerawat tinggal bekas arah banget marah item tara tara emang bagus banget so far suka banget smelter vika temen-temen cari bagus atas jerawat cerah rekomendasiin sinyal ika bagus hilang bruntusan jerawat bekas jerawat pakai pakai jerawat bruntusan jerawat kecil iya banget hilang cerah signifikan banget cerah putih efek brightening banget pakai siang pake hp habis habis habis botol pas muncul alih suka orang suka cuman cobain baru keluar baru beli which dua dulunya cocok nanya pakai pakai cobain vika pakai gabungin pakai salah temen-temen lanjur pakai pakai beli ikal beli pakai beli ban ninja cek ganti kompor pakai kau ganti ganti pakai ulas pakai tika moga manfaat teman jadi referensi temen-temennya cari isi sesuai nama wiper baik tekstur kulit wajah terima kasih lupa klik tombol cowok temen-temen tinggal segitiga baru,1
teman dinda banget produk nitip temen korea produk launching indonesia bawah rp isi lembar mil cair kandung jaring rangkai kemas warna hijau aroma pad gambar aroma bau bau obat batuk strong bawa struknya ganggu cium rileks santai kandung persik al-ahzab milik kandung alba cair sisa alba ppm versi alba milik kandung mineral alami flavonoid tanin fungsi cepat proses remaja kulit tingkat lindung kulit ja tumbuh wilo bantu kulit bebas bakteri patogen antiradang alba milik sifat anti tua alami kaya oksidan anti bakteri guna will obat kurang breakout wajah peta milik sisi beda sisi tekstur kasar sisi tekstur halus guna cuci muka kulit rawat bagus simpan kulkas cair cepat kering segar wajah muka sentuh air benar bikin wajah rileks press formula lengket muka cepat serap cepat kering blog depan cangkup poin tampil exploiting calming moisturizing angkat sel kulit mati tenang kulit melembabkan kulit kandung cuman poin halus kulit tenang kulit iritasi atas jerawat tenang kulit sensitif jaga sehat kulit hilang lebam kotor foto wajah pad banget pad atas bruntusan sisa kamera benar beruntus bantu jerawat biar cepat reda jerawat dettol jerawat besar masak jerawat mentok situ kempes jerawat masak besar muka guna pet puas kulit rawat pad bantu dukung kulit rawat maksimal kerja padu kulit rawat hasil signifikan maksimal dapat benar support banget bantu kulit rawat tonjol hasil rangkai set hijau hasil dapat bagus pad rangkum kerja pakai rangkai series hijau rangkai hijau produk cocok muka cuman cocok teman cocok rangkai hijau lomba padu pad hasil bagus tipe sensitif bermi ngalamin sedikit cocok bagus banget muka hasil guna kayak muka bangun tidur sih muka jerawat hilang jerawat kecil poin tambah rasa bantu cerah kulit wajah oke teman moga manfaat lupa tanya kolom,1
ika sesuai request ngereview baru facial foam pinkish glow whip foam bagus facial foam benar request benda request banget ganti kamar ganti warna cat ganti dekorasi gimana cocok habis setting kamera ku hasil bagus moga hasil bagus kualitas video apa packaging-nya banget facial foam kirain kemas emang komposisi manfaat beda sakura white pinkish radiance foam keluar baru kulit alami sakura white pinkish glow whip foam packaging-nya beda cuman sensasi sakura tampil bunga sakura cuman emang form benar tampil beda banget tarik banget facial foam bacain manfaat sakura white pinkish glow whip foam servom kandung hyaluronic plus sakura tulis kulit sensitif sensitif lumayan cocok kulit krim kombinasi ekstrak sakura jepang hyaluronic bantu melembabkan wajah bersih pori busa bersih bantu melembabkan kulit kulit cerah cerah rona kaku kulit cerah elastis halus kulit bayi pakai tiga kaku pakai facial foam kadang kulit kaya kaku banget tarik bikin wajah clean kering krim kaku benar kelembaban kulit wajah ngisinya kemas beliin beli toko supermarket rumah isi mil kemas tentara isi mil cuman pink kiss from aliya siang sakura harga jangkau harga rp kau isi mil harga rp warna pijat bentuk lingkar gin lembut menit bilas pakai air pakai facial foam pakai tisu biar hindar kuman handuk banget bilang benar gampang banget bilang susah kadang facial foam sulit banget bilas benar banget bilang wajah kesal segitu wajah takut bikin kulit kering pakai tisu kering benar pelembab wajah banget ring pegang lengket dikit suka benar sesuai krim melembabkan kulit wajah cerah wajah sesuai krim bikin kulit wajah cerah lihatin hasil bikin cerah simpul beneran suka banget sakura white jarang banget iklan garang banget produk mekap baru tahu kadang cari tau emang beda kirain ganti tampil segi bahan produk hasil beda kulit sensitif cocok klaim kulit sensitif coba baru bagus banget bikin kulit wajah cerah cerah pasti suka facial foam hasil melembabkan kulit kering pakai facial foam asli kering kering kelupas benar request baru nomor bagus banget bajubang coba kota toko beda harga kadang wilayah rp jual rp ribu pokok beda beli alfamaret toko online ulas moga suka moga manfaat beli facial foam asli bagus cerah lupa buat ulas lupa and bye,1
kemari judul kau ulas kini banget ngehits korea serius pakai yuja niacin blemish rawat yuja niacin brightening sleeping mask docomo cerah hilang noda wajah oh ulas snail series situ jual kelinci pakai suami bopeng hasil signifikan kulit bapak tahun botol jerawat tekstur kulit klik alamat taruh linknya cek cek lengkap yuja niacin series pokok video on kemas abok bahasa korea kemarin senang ikan indonesia bahasa inggris pakai bahasa korea tampilin situ ketemu ngerti bahasa korea usaha bahasa inggris ngerti depan hujan niacin blemish rawat uang yuja cindy google jenis buah lemon tumbuh asia timur jepang korea bayu cengeng konsumsi minum peras lemon campur madu pasti kandung vitamin bagus sehat vitamin kandung antioksidan peran bentuk kolagen banyak kulit rawat anti aging vitamin cerah wajah kulit sehat kalah mana nias ayat hasil vitamin bagus encang melembabkan kulit anti-inflammatory fungsi reda merah akibat jerawat atas jerawat radang kulit minyak bagus tahan produksi minyak lebih pori bersih sumbat makan kayak minyak kontrol kulit rawat kulit minyak jerawat kandung niacinamide bantu pudar acne scar bekas jerawat beliau fungsi susun kulit rawat pakai gabung hujan senam ayat klaim samar noda wajah kulit cerah cahaya yuja niacin brightening sleeping mask bayang travel sayur boks otomatis boks searching google uang jogja cerah melembabkan kulit kandung vitamin selamat fungsi banget inti arah sehat kulit ku latih arbutin cerah rata warna wajah nemuin kredit cantum layar bahasa korea dalam bentuk semangat ika kemarin warna kuning sisa gin pakai beli november yad pakai pakai sisa gin oke lumayan hebat kirim habis minggu lumayan beli rp beli tulis kolom terang beli laman resmi www somebymi com beli travel size gram harga rp beli full size mb harga rp harga osok beda sesuai oke kasih gimana aplikasi wajah kasih tipe jenis kulit kombinasi creatision cenderung minyak relain normal kering jerawat kadang kadang muncul pas pms jerawat kecuali cocok pakai jerawat kondisi wajah orang pakai yuja niacin langkah cuci muka maka snail cuman kasih tau lakuin seri ika resap baru pakai yuja niacin tekstur beneran pacar air aplikasi wajah oles in tepuk ringan bantu produk serap sempurna wajah btw pulang banget wangi wangi jeruk sunkis suka banget wangi malam pakai putih kliping master warna kuning wangi banget aplikasi oles wajah tebal mas pakai tebal sedang hasil aplikasi selesai oh aplikasi wajah jujur suka bau banget bau jeruk sunkis makan banget mau agency bu ayu ja uang beneran fresh banget wajah tekstur serum cair pasti ringan wajah gampang striping mas google pakai air tekstur lumayan tebal serum stok cepat cepet sembuh beneran ngelembapin alus pegang kenyal suka bro kasih tonernya aplikasi pakai senen trusica fungsi halus tekstur pasti pakai msi halus wajah muka kenyal sehat aspek rasa beneran kulit cerah glowy kasih afternya kulit tingkat cerah an hasil cerah alami warna kulit kuning alami kes putih banget ngelamar pakai pas pms jerawat aplikasi sakit jerawat pakai line kandung vitamin kecil sakit cuman kandung bagus jerawat radang efek mudah wajah flag pudar harap pudar maksimal dasar alam sarung senang ika kerja pelan kak efek instan operasi hujan sabar sabar pakai rutin moga emang hilang maksimal hukum bekas jerawat pudar gelap bekas kilap susah banget dibilanginnya kemarin pakai rustika maksimal pakai sleeping hasil lumayan bersih area ku simpul cocok sleeping mas serat tekstil hasil bagus wajah cerah mengglowingkan wajah noda proses suka pakai rutin hasil maksimal wajah oh lupa jelas pakai sebut pakai setting mas pakai jalan minggu beda pakai listrik mas pelit lembab bangun pagi muka cerah pakai yuja niacin kliping mas informasi beri manfaat bantu nama kulit rawat cocok cocok cocok efek breakout lain pakai cocok baik cari kulit rawat cocok kulit pakai produk sharing pakai hasil gimana tipe jenis muka hasil beda jenis muka kulit terima kasih kayak video suka salak subscript listi biar tinggal minggu,1
kulit emang lembab pakai benar banget pagi pegang halus banget pas abis ratain wajah serum kulit halus banget putih jujur butuh putih cuman bekas jerawat bekas jerawat warna marah pakai inverter mini pudar emang pudar broker hasil kulit maksud pori segitu segitu pori besar banget ubah pas pakai nyaman banget bikin kulit bermi tekstur jenis oil air pas pakai nyaman banget cepat resap kulit lengket berat suka habis pakai malam besok pagi sehat banget benar kulit sehat bikin kulit pakai siang nyaman banget bikin kulit cepat pokok benar bikin kulit lembab halus banget suka hasil lembab halus cuman lain jujur kemarin jerawat bulan cuman jerawat sakit pakai cepet sembuh suka banget pakai bikin kulit masalah nama breakout iritasi cocok banget serum,2
tiga ngerasain benar kulit halus banget pori warna kulit cerah cerah dikit tujuh ubah cerah benar ngebikin noda hitam benar samarkand kusam kusam wajah kusam benar bilangin benar kaget banget cerah wajah cerah cerah pori banget pokok cerah noda hitam samar cerah ke- halus cerah benar recommended banget bruntusan daerah hidung benar hilang warna wajah rata,2
mama belikan kenalin nama milik bikin simpul kandung vitamin c-nya botol dominasi warna gold kuning kandung hyaluronic botol dominasi warna ungu warna pink isi mb lengkap keypad gin ambil produk higienis vitamin warna butek cair konsistensi watery aktif cair warna pink jel pakai pisah vitamin kali pakai sayang pakai minggu habis lanjut pakai adik pakai minggu putus lepas kasih kulit abis coba baru kandung hyaluronic kasih hyaluron bingung lu bilang hilmi nge-chat hialuronat hilmi teks tulus kasih hialuronat oke satu kandung vitamin c-nya sayang kandung vitamin hilang aku kandung hilang asyik sorry banget kasih detail komposisi cuman ngecek lem kandung vitamin akun official akun official kandung vitamin ekstrak lemon yuzu fungsi cerah kulit pudar noda hitam sebab sinar uv roda simi tuju kurang flek-flek hitam wajah sayang minggu pakai saki nama pudar cuman kulit breakout heran cocok vitamin tahu jenis hidrolisis hidrolisis sifat sifat tipe have been medium cocok brand kandung vitamin c-nya coba bnb kandung vitamin c-nya cocok jenis vitamin beda vitamin sifat beda habis situ lihatin wajah keluar serum kandung hyaluronic kandung sakura white beli penasaran coba kandung sakura white fungsi kulit cerah halus cahaya rasa rasa kulit halus lembut kenyal cerah masakan minggu richeese ke- ke- cuman suka pagi kandung hyaluronic bikin kulit rasa lembab banget which bikin rekap gampang minyak gampang ambiar konsistensi jl kental sulit serap muka kulit warna butek tinggal kesan warna apa kulit wajah cepat serap banding pakai pagi malam oke lu kulit kombinasi cenderung minyak minyak banget kulit wajah pakai pagi confortable pilih malam tidur tidur kondisi ac nyala which pagi masalah utama kulit kering main mekap nempel cuman malam rangkai kulit rawat salah satu kandung hyaluronic besok bangunin lembab cerah pakai ngerasain banget pakai kulit kering saran kandung hyaluronic bagus banget melembabkan kulit kulit minyak kombinasi cenderung minyak konsep banget kurang pudar flek-flek hitam wajah cerah kulit kandung vitamin cocok ketimbang kulit jerawat acne prone cocok klaim kurang jerawat sembuh jerawat meminimalisir muncul timbul jerawat kit pilih benar kursus acne prone moga informasi guna cocok cocok kondisi kulit beda teks beda endorse dapat coba bijaksana putus beli putus coba produk cantum cek kolom lupa hasil skor leicester city and the confidence and sister and visual,2
mah sesuai judul kasih baru serum hits banget pilih video kasih cobain minggu rinci mereviewnya linknya cantumin scroll dikit ulas kasih gimana dapat kasih simpul recommended beli beli rp an normal harga rp ratus cari toko online shop online shop harga ribu variatif beli lebih kurang ambil garis besar komplit lem cerah noda hitam alquran cerah beli unboxing penasaran banget salur suka banget wangi senang ngelihatnya ping ping bening kakek penasaran bikin cerah banget wajah ekspektasi banget pakai bikin cerah permanen bikin cerah hilang kas kulit wajah cuci muka pokok zero banget wajah segitu bikin cerah bikin cerah melembabkan kecewa gimana ekspektasinya batas beli pribadi beli kayak beli penasaran banget alur neng banget ngeliat kulit wanita korea cerah cerah gemes pikir bikin bikin cerah melembabkan permanen lepas pakai bikin cerah lama hilang cuci muka bikin lembab cerah pakai tugas produk harga murah riah sekolah bikin cerah gin malam beli mas have vitamin selesai maka minggu guna clan-nya hilang noda hitam banget bekas jerawat kulit wajah putu pudar minggu cegah jerawat pakai ganti sabun cuci muka cocok sabun cuci muka jerawat pakai muncul jerawat proteksi lho kulit wajah biar jerawat bikin cerah bikin noda hitam samar jerawat lebih kurang lebih kurang pakai simpul suka komplit suka komplit hialuronat jelek bagus bikin cerah hyaluron hialuronat samar bintik hitam bikin cerah bikin cerah bikin lembab hyaluron bikin cerah bikin lembab temen-temen hemat cerah cerah hilang bekas jerawat beli pakai rasa banget kulit wajah cerah cerah noda hitam pudar kulit wajah lembab bangun tidur malam pakai bangun tidur rasa minyak wajah kontrol moga manfaat referensi jadi patok cocok cocok moga bantu suka lupa,2
temu putri sesuai judul ulas baru sakura white isi kasih jenis kulit jenis kulit kombinasi tizon minyak pipi dagu normal kadang kering cuman kulit rada kering pipi sisa minyak kulit gampang banget kusam semenjak abis lahir gampang jerawat jerawat jerawat sembuh muka pasti butuh cerah kulit wajah biar cerah penasaran banget sakura white booster cerah kulit wajah yuk mari rizky naha sakura white booster blog gambar produk tulis new sakura white jalur on booster cocok kulit sensitif sisi kemas komposisi bahan tera guna kemas dah buat botol kaca bening aplikatornya pipet tetes na tekstur lumayan kental sakura white warna bening gampang dibeliin tahap pakai sakura white langkah moisturizer rangkai sakura white mosturaizer pakai moisturizer hasil optimal masker wajah rangkai sakura white pakai sakura white pagi malam aplikasi wajah leher tepuk sarung serap kulit pakai tinggal lengket cepat serap kulit sakura bilang kulit bening cerah rona sakura white kasih liat foto afternya pakai ubah wajah sakura white booster lihat foto skeptis bikin cerah gar bawah cerah kulit ubah putih cerah kulit kusam cerah cahaya mutih cerah kuli segar teh lia cermin tekstur ringan gampang resap kulit habis pakai kulit lembab lembut bekas jerawat kayak pakai pakai bekas jerawat lumayan main bandel banget tekan sakura white kandung hialuronat wow banget sdn bantu baik tahan kelembaban air kulit dilihatin komposisi salah satu sinemaid nanya cema fungsi cerah kulit wajah bantu jaga minyak alami kulit wajah aroma wangi kencang wangi floral fruit wangi segar cuman hati teman alergi frekuensi poin cuman cocok wangi kemas botol lumayan tebal kaca oh sengaja intan perang pecah dera sakura white banderol rp lenovo tebel hasil oke segitu ulas sakura white hasil percaya coba bukti ikut cobain sakura white booster hasil oke thank you for,2
sempet story seret emang cobain mixer pasti banget info pasti giveaway oke penasaran ekstrak sakura dalam balas ira kemas gimana kemas kemas botol coba minggu after muka minggu stay tune oke ngebahas packaging-nya tarik banget informasi contoh botol tulis booster bawah tulis dermatologist tested tulis cocok kulit sensitif samping gambar sarung jelas kandung dalam klaim dapetin muka cerah rona lanjut belakang pakai jelas bahasa inggris bahasa indonesia balik packaging-nya dapetin expired date klaim cerah putih cerah situ jelas bawah kandung stiker bpom-nya aman kemas botol gin pakai pagi malam pt beda kek ujung botol botol kaca emang benar gampang pecah hati tenang botol informasi expired date nama nama produk sakura white salur booster tulis dermatolog raket belakang kurang bentuk kemas tulis tahan buka tekstur produk golong kental benar lumayan tempel banget benar pencet tenaga emang tolol banget cepet banget takut pakai tangan nasi contoh pakai pakai kental kental cepat benar kasih fresh muka bau wangi banget beda cerah hydration tangan cepat istri arab apa lengket harga botol mahal murah banget tengah harga rp diskon official shop harga rp an ngelink harga toko masker baca personally pakai jujur cocok cocok pakai sakura white kulit lembab lembab hydrated cerah pagi pas bangun tidur kenyal cepat ke- bikin kulit cerah pink pink rona suka asistensi tekstur gimana banget kentol serap cepet banget pasti tinggal lengket cobain gampang banget reply - tetes benar muka pakai banyak super irit harga sen mahal maksud oke harga bolt coba wangi banget badan wangi bunga sakura uang bikin bikin kaya minggu daso ulas approve cobain dapet ina iqomah sayang line baca hope you enjoy moga bantu cari harga mahal bikin kue cerah rona kembang bae,2
ok kangen bulan bikin ring led cinta rusak pesan negeri pandemic terbang susah kirim susah bikin sesuai judul ngereview rekomendasi jujur sesuai judul video banget suka banget banget balas banget oke nge-review sakura white kemas luar gin booster gaya segar booster kemas nay keluar baru vitamin c-nya booster coba coba coba tanggal juni tanggal juli krim tulis dian pakai bagus kasih informasi minggu pakai tulis booster scar inti lebih pakai baca tulis kulit bening going barang guna kulit halus lembab bening minggu dapat kulit banding cerah sehat rohani wanita korea egois kemas beli sapu pakai apa muka kasih cuman pakai oke packaging-nya gin kemas luar gin kaca suka banget packaging-nya kacang higienis mil mil ukur mil gin pakai susah bleberan muka bagus pakai takar takar pakai suka packaging-nya gin mah masukin keluarin buka tutup pinggir gin super kental kenek botol ah banjir banget ikan kering mubazir suka banget pakai hati banget hati ntar kasih tinggal kering sayang banget packaging-nya harga harga rp beli store officialnya beli rp garis pas pakai pas pakai oh emang ngerti maka pakai tenar pakai kirim apa rekomendasi lempake goblok kue kering lembab licin banget licin banget lembab kena klien dapat kulit cerah cerah booster bayang rasa benar cerah pakai apa benar pakai apa eh cuman pake aplikasi buka wajah puasa emang cerah cerah putih putih rasa lembab cerah kaya sehat ubah sesuai iklim heeh pakai iin wajah takar banget sendiri taker bilang suka suka ke- mubazir banget wisata akar pakai abis omega gin kulit muka rona pakai apa lo sumpah pakai blush on pakai bedak pakai banget suka banget lebay rasa suka cepat kering cepet banget nge-reset cepat kering wajah lengket apa cuman pakai cooking biar aplikasiin serum sesuai clan-nya kasih benar cerah bikin goreng banget suka banget coba sila kulit beda kulit diakuin cocok benar reaksi bagus banget pakai apa emang pakai rutin benar bagus atuh moga manfaat manfaat banget bantu segitu main oke thanks for,2
tau kasih kasih banget kasih serum nama bersih wajah facial foam malam pagi hana khas ulas btw pakai minggu minggu pakai viu biar ngerti giveaway subscribernya bikin mati pas gin takut cobain sari leher punggung tangan ngerti gimana reaksi kulit biar bagus moga suka pokok rangkum resort ulas pertamax lumayan cerah bilang putih lumayan cerah sesuai cerah segar suka jujur bagus banget bagus banget vitamin sesuai play media medan bagus banget,2
bareng kenalin nama hastuti doser putar dunia perhati tips trik ala mudah manfaat oke sesuai judul ulas bahas tuntas sakura white hialuronat bahas mesti paham lorong lurah senyawa alamiah tubuh manusia salur sifat kolagen kabar kurang iring tambah usia manfaat tubuh kulit fungsi tahan air kulit cepat uap udara kulit lembab hidrasi temen-temen paham manfaat fungsi salur kulit teman nebak-nebak manfaat sakura white kemas botol botol kaca gin ngeliat isi produk teman beli bungkus kemas kardus gin gaji kardus informasi lengkap banget ingredient pakai expirednya teman kertas ukur pokok lengkap banget teman padu silver pink mod campur warna ungu lucu banget teman aplikatornya aplikator pipet keypad-nya kaca keluarin produk tinggal pencet tutup putih lepas produk pipet ukur sakura white ukur mil pakai semenjak buka kemas alih temen-temen produk bening gin sentuh warna pinknya temen-temen produk super duper kental banget coba produksi tekstur kental banget gin mikirnya prodak susah banget merah kulit sakura white cepet banget nge-rap kulit cepat serap banding komplit rumah sakura white jujur suka banget rumah aroma aroma aroma floral hubung padu bunga bunga sakura suka banget pakai minggu tujuh hari dokumentasi foto pakai foto wajah pakai pecah lighting emang sengaja otak-atik biar temen-temen beda oke foto pakai teman daerah dahi bruntusan kecil noda noda bekas bruntusan lumayan gelap daerah teman foto pakai daerah dahi bruntusan parah noda bekas bruntusan lumayan gelap daerah pudar teman liatin wajah lumayan cerah jujur teman pegang wajah lembab benar lembab bikin question story silah temen-temen rata oke hilang bintik hitam temen ngelihat foto after pakai terong daerah noda noda bekas bruntusan lumayan gelap teman afternya bekas bruntusan daerah lumayan pudar pedes banget lumayan pudar banget warna kulit melembabkan banget ngebantu pudar noda noda gelap wajah teman bintik noda hitam wajah gelap gelap noda bintik wajah butuh pudar ngejek patok bintik hitam noda hitam hilang gantung gelap bintik oke pakai kulit jerawat oke cobain pikir cipta orang kulit kering baca cari manfaat sisi alur on kulit kering kulit minyak burger fungsi salur hidrasi kulit lembab kilo fungsi kontrol produksi minyak kulit aman banget pakai kulit minyak jerawat mikir pro aman pakai kulit minyak jerawat teman foto pakai bruntusan jerawat wajah jerawat parah merah males aman banget pakai temen-temen jerawat oke tiga bagus komplit sakura white dua bagus dua fungsi beda fokus fokus melembabkan cerah wajah seri cahaya pakai sakura white bagus banget beneran oke oke ngecek ngecek official kopi sakura white gustafson mini murah banget rp murah banget rata rp atas ribu murah banget affordable banget ukur mil benar pakai pakai - pakai wajah leher leher tunjukin pakai sakura white pastiin wajah bersih bersih pakai facial wash ngeluarin produk bilang tinggal pencet tutup putih lepas produk otomatis pipet pakai suka taruh punggung tangan we taruh wajah takut bersih kotor nyangkut pr-nya produk biar aman milih taruh punggung tangan gin aplikasi wajah sakura white shio luron moga suka moga bantu teman cari referensi karung murah bagus lupa suka lupa lupa nge-request nge-request and see you next,2
google ulas oke ulas sore ngetik giveaway bawah kasih cuman sarung kirim krim kasih ike coba bekas beliin dua mil lumayan ikut giveaway-nya bawa umumin syarat gampang banget syarat ajar kasih copot amin insya pakai bahasa inggris label klaim tanpak putih cerah rona elastis lembut warna kulit rata halus bening uji dermatologi desain kulit asia minggu tampil aura kulit cantik mekar minggu tahun bunga sakura minggu tahun tahun bikin seru gimana ribu ekstrak sakura bantu kurang produksi melanin pigmen kulit gelap pakai produk botol pakai minggu banget pakai panas burning oke panas muka kulit pakai kulit beda orang terima kulit pas pakai bahasa panas panik kalo panas kesana muka aman panas beda kirim kimia panas gimana bentuk gin coba papa tangan dikit texture gin kenal banget dibeliin air gampang blend sebenernya bulir whitening-nya jalan nyatu kulit bulir apa cepet banget pakai lambat lembab banget kulit warna miskin segitu lambat biasa janji texture ringan banget nilai hilang pakai apa pakai kadang lupa pakai neng banget kalo cepet kondisi cuaca indonesia cocok kayak bikin muka minyak lengket gimana coklat hasil gimana minggu lumayan lumayan progres minggu bilang tujuh cerah muka cerah putih cerah bikin muka ubah kulit cuman cerah minggu cerah serah bilang kerja pelan abal-abal besok putih kinclong time and hasil lumayan notice muka hilang dark spot bekas jerawat lumayan ngebantu hilang jerawat bekas jerawat konsentrasi kedaton bekas jerawat nge klaim transport pelan bantu transportnya cepat hilang cepat butuh ngeratain warna kulit muka muka belang ngeratain warna kulit cerah muka pakai bahan dian bikin muka panas pakai kandung alkohol oh dikirimin tutup pori emang ngaruh apa pori emang toko briefing efek pori efek pori kirim coba pelit super super sensitif banget kohol nyaranin kalo ngeliat oke alkohol perut anak rumah murah murah harga rp murah ukur gin mil lumayan banget gampang bawa mana jatuh pecah gin dah lucu cantik bagus muka suka suka muka cerah iya cerah lupa pakai citra lupa minggu erlin eksfoliasi muka muka mika physical exploiter sayang banget pakai gin kulit mati numpuk pakai ubah ubah kulit mati numpuk banget bersihin muka oke ngomongin syarat gituannya tidur gampang banget cuman tinggal ngambil menang command randomly milih orang wajib ikut giveaway komennya komennya username kritik saran request curhat cepetan ngikutin apa cuman ngomong instastory jam konfirmasi menang konfirmasi alamat nge-dm menang giveaway jam bikin instastory konfirmasi cari menang stay tune tunggu main tinggal umum giveaway bagus suka masukin tanda kadang instastory instastory kecil bikin papa support-nya mama banding bawa orang erlis dapat lumayan subscriber possibility lumayan nambah-nambahin koleksi kak ikut gampang banget segitu suka,2
wa mbak ngebahas ulas kulit rawat korea pakai lo familiar banget ulas benar tarik banget cobain bye bye blackhead cleanser bye bye blackhead cleanser jenis cleanser cuman fokus ngebersihin komedo pori bikin muka tarik efek lembab wajah clean masalah banget komedo hidung wajah mulus apa komedo hidung jenis kulit kombinasi daerah produksi minyak lebih otomatis nimbulin komedonya super duper gampang makan benar bikin ngeganggu fokus hidung kandung dalam tuhan khasiat pintu lift kombinasi jenis daun teh detoksifikasi kandung gram alami eksfoliasi bye bye blackhead cleanser bersih wajah kandung prinsip konsep partikel ngebantu ngebersihin hilang kotor pori kandung jenis bahan teh gelembung mikroba komedo serang aplikasi aplikasi wajah kering benar kering basah bahasa palu amin menit tekstur lancer warna hijau bening butir kirim uang lumayan strong campur min seger banget aplikasi wajah cium wangi pas ubah bawa uang gelap aplikasi rata cepet banget ubah bawa wangi bang repot pas ubah babelnya diam menit andi ubah bogor basahin tangan air pijat lembut bisa menit pas pijat gin kempes ubah lengket proses komedo komedo diledekin after pakai make bye bye blackhead cleanser pori rapat gimana cuman minyak wajah kurang rasa segi bersih den jago banget bersihin komedo action,2
try ngereview produk siswi produk hip banget cinta kulit rawat pa ndak siswa orang pakai minggu hasil gimana ulas prodaknya cuman exis wae mak wattpad kevin wa softex masker fokus bersih pori fungsi exploit kulit biar bersih pori baru exis wae launching juli kemarin nge-review packaging-nya gin ni kemas kualitas oke banget rumah kuat eh oke banget macem-macem desain informasi kemas angkat banget ingredient pakai gimana manfaat masker cek bahasa bahasa korea bahasa inggris kemas dalam oke banget suka bahan koko jaga produk budi suka simpel warna ijo tutup warna putih dalam sepatu ngambil produk biar hygiene tutup biar produk biar ku tekstur masker pasta lemes dalam tekstur nama adzuki beans powder guna nge kulit exfoliate jalan tol bikin kue iritasi merah perih aroma wangi herbal kandung maksud korea uang makmur kenal banget biar bikin rileks pakai masker wangi bikin ganggu pakai gimana pakai muka bersih mega pokok pakai cuci muka pakai facial wash habis pakai masker muka pakai tebal kau muka abis bang andi amin menit masker beneran kering mas kredibilitas gampang banget ngebilas otomatis gosok muka situ eksfoliasi kulit bilang kandung adzuki bean sipaud erna huni nge kulit kulit suka masker ngebersihin pori exfoliate bikin kulit kering bikin kulit merah merah iritasi ikutin ku utuh kering hidung pakai masker pakai rasa kalo bikin kulit kering tarik pulang pakai masker kulit bersih bikin kering kulit cerah cerah muka mutih cerah mutih beda pakai pakai malam minggu pakai pakai fungsi kulit kulit teks bacain benefit produk eksfoliasi kulit jentel samar pori tiga tenang informasi kulit merah iritasi cerah revitalisasi kulit balance and moisture kulit packaging-nya tulis six one advanced formula bahan utama and white facial paten teknologi inggris adzuki bean sito anterin meremove sel kulit mati jantul extra guna revitalisasi nutrisi kulit kasar iritasi jaga kulit bersih tiga coklit ekstra guna anti aging anti oksidan empat vigna radiata seed extract guna melembabkan cerah kulit kuat kulit barrier biar bantu kulit elastis prima guna regenerasi kulit nelumbo nucifera livextra guna regenerasi kulit kontrol sebum brimob radikal bebas kulit bersih cerah tekwan kering klien bahan utama makmur ekstrak kaya antioksidan antiinflamasi bantu atas kulit kering merah bruntusan sensitif antibacterial atas bakteri sebab jerawat uang special paten teknologi dermatix guna baik kulit akibat bekas jerawat tingkat imunitas kulit pribadi suka banget masker bersih pori bersih bikin kuat kering cocok banget cari kulit rawat bersih pori pisang exfoliant reda bruntusan merah merah oke banget harga harga rp sesuai banget kualitas vokal beli beli distributor officialnya nama beauty cerah toko bank toko makasih banget moga ulas manfaat suka lupa lupa buat notification ntar upload notifnya banget pagi mbak bikinin xvideo so thank you for bye-bye,2
selamat raffi ngereview hits banget perfect clear hair removal kaya hilang bulu banget bulu kaki bulu ketiak oke badan kasih pakai kampang bilangin perih beli besok hasil iya hasil menit gimana sakit rekomen banget hilang bulu harga murah banget rp beli linknya taruh online shopnya tunggu lupa and request habis bikin produk ulas jujur ini ulas jujur bye,2
bahas salah baru hujan yasin whitening moisturizer bentuk jel pakai tinggal gin ngejelasin dapat bikin get ready with me tunjukin kulit rawat rutin simpel moga kasih masuk informasi penasaran ntar rapi rambut fana kondisi main captain hapus paku hapus lu pakai pixy aqua mist semut suka benar semut for mop suka terima spectrum of nama gampang banget hapus makeup waterproof oke sikap pakai vicks istri abis pakai viva milk cleanser aplikasi jadul benar bagus banget bersih in sisa make up wajah pakai minggu pakai - malas pakai micellar water dibersihin pakai kapas bunda pakai micellar water bekas ini suka suka step kulit rawat abis sih wajah pakai facial foam kamar mandi facial foam michel vorm fiksi sih wajah selesai pakai crystallure cup habis subscriber kanan akun betapa suka iklim habis pakai sering pagi malam main reply kau aplikasi jelasin kirim fokus cerita aplikasi pijit abis pakai see pha botol hijau suka oil bentuk ipad gin ambil tetes aplikasi wajah tepuk lupa aplikasi leher oke langkah pake kayak habis cup gin rifki kulit rawat pakai pakai minggu minggu kayak afdol kasih foto pakai suntik nitikan hasil bentuk jelek tahu bagus banget kulit kombinasi cenderung minyak kulit minyak bikin kulit minyak gampang kulit sik kemas baju kotak simpan yuja mujahid turun jeruk mandarin cowok sma fungsi kulit brightening cerah kulit cerah mutih beda nama brightening whitening cerah kembali kulit tone asli gin kuning langsat polusi sing aktivitas luar sebab kusam takutin warna sawo matang kuning langsat kulit rawat kandung whitening kembali kinton kuning langsat whitening ntar tingkat warna kulit banding warna kulit asli salah kulit asli kuning langsat whitening lama kulit putih harap erti beda putih whitening dapat dapat beda yuja niacin sebutin senam senang hati bagus melembabkan kulit kurang anti tua kulit wajah cegah jerawat guna salah bahan aktif fungsi banget oke konversi dalam jel benar liquidi gampang banget serap kulit bikin kesal ngetik kesan wis bagus banget kulit minyak kulit kombinasi cenderung minyak kombinasi cenderung minyak benar suka banget pakai moisturizer wajah suka minyak wajah takut wajah minyak kesiap suka kulit voice monster jual pakai pagi malam bagus benar melembabkan kulit wajah spot-spot hitam wajah kurang kecil pori aplikasi malam pakai siang pagi enak kirim spf pakai pagi malam spf pakai malam pakai pagi wangi wangi wangi jeruk benar bikin banget jual gampang kulit benar kulit lembab benar rekomendasi monster jual kulit minyak kombinasi cenderung minyak suka pakai yuja niacin brightening sleeping mask ngikutin sleeping mask takut kandung yuja selamat milik dua beda sleeping mask moisture gel sleeping mask alias masker pakai tidur bentuk dalam puding puding cair pakai yuja niacin brightening aplikasi sleeping mask yuja wajah ku suka ngunci kulit rawat pakai tidur jaga kelembabannya bangun pagi rasa kering tidur air condition suhu dingin bikin kulit wajah benar kering ms pakai tidur masker bibir wajah lembab didik lembab nyampein lip mask pakai tidur moga kasih informasi guna beli suka suka banget ripuse saran kulit kombinasi kombinasi cenderung minyak kulit kering pakai papa serah batas pakai tipe kulit gimana umur ikan umur atas pakai roda gin korea isi mil harga nyampe rp tulis asli layar layar cek endorse dapat dasar experience eksperimen beda butuh beda informasi tambah lupa qonita selisih under score sister sister wanita salah bahan aktif banget fungsi,2
makasih kenalin nama evi milik register akun sekolah star promo mengcompare hilang rambut bulu korea merek sambaimi india merek beat sulit temu jual online shop jual bebas indonesia beat jual bebas indonesia gampang banget nemu ifit tempat cari dekat susah banget nemu uang in korea isi gram beli online shop papan tulis online shopnya gampang tinggal nikomas nama perfect diri datang bentuk gin dalam screen wangi banget banget banget warna peach sayang uang tahan harga kisar ribu beat temu baca kemas manufaktur india isi gram spatula gin anda spatula gin harga gram iwan listrik rp banding gram gram beda tipis pakai beat banget oles angkat bulu halus ketiak tangan kaki randy bagi sensitif wanita kumis nyaranin berani ton hilang bulu ketiak kaki tangan pakai bulu tangan uang pakai yah suka hasil bilang iklan oles trus angkat pakai sepatu rambut abang berangkat angkat butuh aplikasi bersih benar bantu pisau cukur tinggal oles kaki tunggu menit senang menit menit pakai tisu kain bekas rambut angkat sepenuh angkat oles kali angkat pake tisu pakai kain bersih sempurna inti kerja pakai mini cuman benar bersih area beat angkat rambut video tunjukin paham mirip arah aroma kimia cuman positif beat spatula buang tisu motorin kain spatula butuh bantu tisu bantu kain pakai enya tebal yah pelit males tebel bahagia angkat rambut rambut bulu efektif banding tipis timbul iritasi cuman tipe kulit beda coba timbul iritasi kulit coba kaki coba oles kasih scholes timbul iritasi merah aman bpom sifat kode bpom jual bebas indonesia sisa main nomor bpom cfd regulator koreanya inti bagus suka suka uang suka sepatu keren da pulang pakai sipit motor motorik kain bilang mahal harga rp gram tolong banding gram pakai habis kayak pakai abis tumbuh gantung beda acc bulu kaki minggu tumbuh tumbuh kasar kasar pakai pisau cukur pakai westing halus banding pakai pakai webtoon madu tarik sakit banget oke segitu informasi tambah lupa cantum lupa cek cek taruh sponsor bagi dapat cantik dasar experience jumpa sakit gratis mbak endang sister,2
ngereview salah kulit rawat korea hits booming banget dunia indonesia booming banget nama gin nama ph temen-temen exfoliating fungsi utama program angkat sel kulit mati wajah coba beli isi hilang bekas jerawat bruntusan jerawat komedo wajah ngereview singkat packaging-nya kasih foto pakai tujuh dus tulis kandung hhbh ni snm persen realty rp btn titi pas pilih realty rp mini persen hasil main banding periode packaging-nya gambar tulis for rawat whitening alias cerah monster missing alias melembabkan bawah fungsi exfoliator bawah keyboardnya air isi pakai pokok cair gin dah cair depan nama ah eh kemas dus belakang tulis korea erti main beli ujung produk segel bentuk gin tekstur produk cair air cair banget tekstur sim ringan cepat serap melembabkan wangi wangi pepsodent salah uang pepsodent min min cepet banget serap bikin lembab pakai hari pagi malam pagi mana pakai sunscreen mana pakai pakai pelembab abis pakai sunscreen step seling menit malam pakai tidur pas muka bersih fungsi komposisi cantumin samping tulis jelasin mbak taruh belah habis kasih hasil pakai minggu kasih liat foto video tujuh beda gimana beda banget proses merah foto hasil pakai minggu segitu me tahan penasaran hasil pakai minggu upload minggu lupa lupa tinggal transformers cing tensioner mio,2
selamat anu selesai judul batalin medan avoskin kemarin banget gede gebetan kau better-in oh krim lupa aktifin notifikasi tinggal biar semangat coba produk kulit rawat teman transfer ngebatalin dasar hasil uang kurang ikut kolom oke packaging-nya kotak gin botol gin plastik lubang min ml kulit mil cair lengket warna bening cepat resap kulit bau cium bau baut istri papermint kulit bau pakai cek ngereview linknya taruh exfoliating kandung enzim beda kandung setrika cat bh-nya salicylic ph kandung ahli parikesit ph asam asetat ph-nya kandung titri aloe vera bicara sebutin kandung setrika gin elvir beda setrika ah asal buah citrus lemon limau kuit da fungsi atas candu noda hitam tanda tua garis halus bekas jerawat rata warna kulit lilipaly kevin asal sayur gula atas kulit minyak komedo blackhead bersih pori tanda tua bintang cerah melembabkan atas pori noda noda bekas jerawat rata warna kulit bareng bini kondisi pelit dehidrasi kering makan pas pakai nyaman banget bikin kulit kering tarik tengeng cekit cepat resap kulit pakai kulit trade grasi balas bersih halus bintang atas jerawat beda jerawat warna merah gede sakit sembuh plus pudar bekas jerawat ngaruh jerawat bruntusan jerawat gede merah cenat-cenut sembuh emang cepet pudar bekas jerawat butuh minggu innisfree cerah alamat ampuh angkat residu make up sisa kotor nempel muka berangkat kapolsek pas coba sakit tinggalin wajar halus kulit bikin kulit beras,2
waalaikum peristiwa mati gabung beli kirim ngereview salah excel ulas facial foam serius mayang sari lemon gimana hasil taruh linknya lupa lupa video kemas jeng jeng pure active matcha deep clean salah kulit minyak tarik beli kulit alami pure active matcha bikin beli muka pori pori banget bersih dalam ekstrak kandung kandung antioksidan banding kandung teh hijau cina kandung antioksidan banget banding teh hijau cocok banget rawat muka papar polusi minyak banget make up kadang pakai milk cleanser pakai masker water pakai muka ambil facial foam bersihin muka tipe kulit normal jokowi jelang menstruasi super super duper bermi banget beda bersihin banget muka you know kantor senin jumat main kapul pagi sore limit play song from online shopping ngelihat kemas filenya bikin sayang beli harga umur pikir cocok cocok kulkas sakit pakai pakai hasil suka banget cuci tiga coba facial foam software suka serius kah benar kulit bersih banget bersih bersih tiga varian lemon sakura gimana pakai ja uis pakai komposisi temu nama sopet sodium laureth sulfate sms bagus banget hindar banget produk supportnya jelek kandung ac les picu kanker or anything udahlah picu iritasi kulit milik kulit sensitif ngundang kode bersih kandung sls temu temu nama salicyl camellia sinensis leaf extract bagus banget muka jerawat kandung anti acne kurang minyak wajah banget muka bersih banget ketawa kenceng banget kering banget pi alam teman kulit kering cocok baca asal kulit banget rekomendasi milik kulit kering milik kulit normal bermi kulit oli banget coba simak stain think you know love harga murah banget rp satu rp solusi coba penasaran takut cocok beli seri samsatnya gin banget beli paus buka pakai facial foam tulis hari bersihin wajah hari pagi sore pagi pakai double pakai facial foam malam tidur sore mandi pakai isi pakai milk oil micellar water pakai nama facial foam facial foam wajib cowok ulas singkat pure active matcha foam harga affordable for you moga manfaat bye bye,2
pas awal pakai kulit kusam tiga kulit tulis jerawat turut sembuh kempes jerawat wajah pokok cerah segi serah emang banget alhamdulilah kulit super sensitif nyaman pakai bikin kering booster wajah lembab hidrasi,3
bentuk produk botol nyepam tulis mil lumayan depan tulis snail ini kaca aman banget banting pecah jatuh plastik plastik tebal denger ketok plastik dengar kaca ketuk beda suara suka packaging-nya bening tinggal mana deketin baca tulis ppm bawah terang black snail kompleks revitalisasi kulit black snail nama kemas kotak gin warna hologram qtt warna merah tulis korea nel trusica buat black small black smelters blender kenalin kandung nama musim bakar tulis nasi miosin slime siput lendir siput nasi kandung mesin bisa ngebantu ciblek snell kalo ngetik blacksteel serius lendir siput posisi bos siput cangkang ancur simbiosis bantu reggaenerasi cangkang siput normal simisimi bagus kulit regenerasi bopeng bopeng wajah maksud sinyal blender mesin lendir siput mesin kasir mini buat musim lendir siput siput black steel ngerti maksud baik resin elevenia lendir kandung miosin hamil senin bikin ditutupin kandung dalam bagus banget,3
ngebahas rame banget bincang tarik ulas polling make seragam update barang produk coba baju keripik lupa gin gratis semangat devina chat reviewnya pakai tepat tarik banget klien iklan banget mana ulas light complete vitamin booster bikin tarik banget klem booster wis resap banget kulit termometer lokal irit merek lokal beli rada ragu pakai pakai lokal pertama pakai bikin breakout habis pakai tarung bagus bagus bagus temen pakai bilang bagus cocok banget bikin jerawat habis botol jerawat pakai ms glow cocok cocok tepat nyampek kulit muka pakai dokter pure bikin rebus pakai sarung butuh kulit rawat dapetin sarung nanya coba harap banget kulit break up kasih kemas texture gimana kasih pakai pakai ulas jujur gimana oke baca kasih klem pteromyini bikin tarik ngambil sarung beli dapetin kotak kotak clan-nya kuat buang tulis lem sarung inovasi booster baru aktif cepat cerah hitam muka murni zaman jepang ringan mudah resap lapis kulit aktif cepat cerah noda hitam samar bekas jerawat pakai rutin rasa kulit cerah sinar noda hitam samar antar baca bekas jerawat noda bekas jerawat banget cocok hati bikin ambil sarung pakai kb pakai gin coba isi nasehat gin harga rp pakai pakai sarung beli gede packaging-nya packaging-nya botol kaca botol gin pakai pipet ini bening dalam kaca tutup silvernya ngelihatnya sarung mati batas senang bentuk jimmy pakai pakai tiga teteh jatuh bentuk saking cair ti turun muka banget pakai air minyak kental pakai resap dalam kulit muka bikin kue putu suka banget beneran pakai lihat beda bikin cerah banget botol bulan habis gin ampun benar hemat banget parah hebat banget beli innisfree betul akun banget beli rp tol salah rp an cek desa turut ukur kredit mil tekstur hasil turut kasih gimana murah banget bukti pakai pakai pakai terong bilang segitu bales sarung putus gimana ngomong kasih liat foto pakai pakai muka gin bilang banget bekas jerawat lumayan video pakai adik krim abis malam warna pink coba pake banget bau ra suka bawa kangen sengat tekstur suka banget cair air air resap banget kulit muka bikin muka cerah banget cerah serah india samar noda bekas jerawat iya ulas ngetik pakai muka beda suka sesuai koin cerah bibir hitam bekas jerawat minggu pakai turut gin gin cepet banget balesnya angin bekas jerawat perum temu bagus murah anak suka murah banget pokok tipe kulit minyak minyak jerawat cocok banget bikin minyak banget bikin muka minyak muka kering pakai siang malam siang bilang nempel emang bikin bedak bedak tabur kutu nempel pakai bedak tabur ratingnya ngetik turut emang bagus kasih tau tipe kulit beda cocok muka ku cocok kon muka cocok muka cocok muka kulit muka saran coba sarmini beli resep nilai cocok dikemukakakn muka putih cerah banget pakai,3
teman ulas baru payet sakura white seru sakura white kemas baru ulas benar jujur ulas guna minggu endorse beli beli official store harga beli rp oh sulit normal dry penasaran gimana ulas habis reviewnya lupa nyala tanda lonceng tinggal update varian dominasi warna pink warna putih gambar bunga kemas tulis sakura white alur on persero kulit rona guna kulit halus lembab bening minggu dapat kulit sehat rona wanita korea kompetisi perut samping jelas inovasi sakura white booster kandung formula pelembab tinggi jalur on ekstrak sakura formula cepat rekap lapis kulit melembabkan sel kulit bumi hasil cerah rona alami guna kulit halus lembab beli minggu dapat kulit kuning sehat rohani wanita keluar kendara bentuk pasang botol kaca pipet teks wangi banget nyala wangi farianto awat uang lumayan cepet coba pakai hasil ambil tetesin pakai karya sayang hasil bekas jerawat pms minggu pakai lumayan ngebantu hilang bekas jerawat proses teman ulas turun foto mending kulit cenderung kering hasil kulit halus lembab cerah klaim kulit bening warna kulit cerah suami lebay artis korea bau tetep tinggal woi mahal cuman ribu guna jangka update kolom suka sosial media ajar lupa jumpa,3
cair arah jl tugas jaga materi banget gampang mau tekstur pakai water air nyate resap cepet jam itu banget aplikasi area kasar ngucapin besok pijit gin area kasar pelan pakai jari ajar tekan lembut pijit area wajah kasar rutin minum cepet banget gin gin resap lakuin malam rutin pakai kulit rawat rutin pakai efek efek event kulit rawat mahal apa gas kaleng atas hari hari pijitin resap gampang banget marah dikit lambat tipikal aplikasi kering apa pakai lambat makan taruh malam malam tidur dingin ngantuk banget malam pelembab lengket pokok mirip ane baik tekstur bilang tekstur bilang tekstur jerawat pegang tutup pipet ambil tanah wajah ujung pipet wajah sore higienis wajah malu ngebantu banget atas tinggal ucapin botol kaca hati gampang pecah cobain hati banget botol kaca minus bilang alkohol sabar kulit wajah kenapa sopan alkohol kulit banget ditanyain ngerti pas banget wajah terima alkohol rumah banget erti kulit rawat masak-masakan apa rumah ntar selesai selesai tinggal kek rumah ajar gin rumah rumah positif tutorial make up banget pas entar bikin video isi menit ngebahas ombre lips menit pakai kompleks pisah menit menit banget bikin konten masak masak makan indonesia snack-nya cek banget ngajak rumah explore apa ntar social distancing positif pokok rumah moga suka moga manfaat,3
bikin ntar minggu minggu pakai pikir purging muncul emang jarang banget hidung jerawat bruntusan pikirin emang daerah pikir tanah parah emang cocok suka uang wangi jeruk nipis brightening emang wajah cerah temennya pikir iya kontrol minyak wajah muka minyak kering lembab segi pori ubah gin cenderung letak bolong bopeng bahasa inggris harap klaim timer obat nastar lestari hitam bopeng minggu ubah cuman emang kandung centella asiatica kandung centella asiatica klaim hilang bopeng bekas jerawat hasil pengaruh bekas luka jerawat bekas luka jerawat pengaruh hasil guna pengaruh kulit moga informasi manfaat product company prasasti hal emang pakai tiga sabun kantor stoner pakai maksimal guna mudah informasi manfaat bingung final hasil wajah lupa lupa hasil,3
coba perhati wajah ngebahas salah baru klip on-nya bikin kulit lembut bikin cerah cerah rona pakai minggu pakai video bilas wajah kulit alami sakura white pinkish glow whip foam jatuh samping pakai telapak tangan basah oke telapak tangan basah anya keluar cm ukur gimana gin warna putih ke-pink-pink-an gimana telapak tangan gera putar tambah air kala busa pacar pijat lembut wajah bilas air oke banget emang cuci muka pakai ditambahin air ngerti definisi busa padat emang padat ditambahin air cair cuman emang banget oke step step cara sesuai tunjuk pakai produk cuci muka selesai cuci muka bahas pro pakai jne-nya bahan sarang super duper cantik banget packaging-nya padu pink pink white klien cerah cerah halus kulit bayi plus hyaluronic jatuh klaim produk baru klaim produk sakura white pinkish glow foam dian printing plat hyaluronic sakura event for sensitive kulit dermatologically tested super duper banget pedes daftar bpom pasti tinggal barcode depok baca deskriptif produk situ bahasa inggris bahasa indonesia baca bahasa indonesia oke oh terang expirednya timbul expirednya bacain bahasa inggris bahasa indonesia ajar bahasa indonesia ra white pinkish glow whip foam kombinasi ekstrak sakura jepang hyaluronic bantu melembabkan baru sakura white pinkish glow whip foam maksud nama sakura white pinkish glow foam busa lembut banget tambah paham bisa padat hasil banding terang versus uji konsumen uji coba versus men jawa bisa salah tolong koreksi padat ditambahin air sensasi ngeh marah ditambahin air cair emang gin bersih pori pori alat scan kulit yakin oke usaha bantu melembabkan kulit kulit cerah cerah rona oke bahan katun bantu melembabkan kulit iya banget lomba banget pakai cuci muka tah pakai minggu hasil cuci muka wajah pakai pelembab pakai mosturaizer bantu melembabkan kulit kulit cerah cerah rona sisa sensasi cerah sensasi cerah rona super duper cerah banget pakai produk minggu wajah cerah kaku banget cuci muka wajah tarik banget kulit cerah elastis halus kulit bayi tiga elastis pakai hujan elastis halus tiga cerah sensasi kerah cuman kota tengah muncul minggu sayang bikin nyusun hari pakai ganti rangkai kulit rawat apa cuman pakai ganti cuci muka hasil kulit cerah jodoh produk harga jangkau rp rp beli minimarket super duper jodoh buta nikmat buta buta buta cuci muka jodoh hasil bikin tarik jodoh bikin sekolah jodoh elastin halus jodoh dibales jodoh jodoh rasa pakai wajah temen-temen ngejeng ngejeng ngejeng muka coba perhati wajah beruntus pakai minggu rubah rangkai kulit rawat cuman ganti shift esok bruntusan banget daerah bruntusan eh daerah bruntusan teman bruntusan muncul cuci muka tolong perhati kulit cuci muka bruntusan muncul cuci muka pulsa pedih kulit sensitif krim cocok kulit sensitif ngerti sensitif banget produk tua pakai tipe area kulit sensitif cuman bentuk reaksi adaptasi produk cuman bikin sedih jodoh produk pesan alami pakai batuk bikin wajah cerah banget cerah cerah cerah cerah rata cerah rasa sensasi cerah facial foam hasil temen reviewnya poin jodoh jodoh poin jodoh lanjut pakai produk teman cobain gimana cocok coba kasih tau gimana hasil video ulas sakura white pinkish glow whip foam,3
update hasil pakai snail habisin botol kemarin ulas pakai salah info clan salah iklan bilang mil bopeng kurang habis mil update moga bantu lama sini gimana hasil habis botol pakai rutin pagi malam anda kadang siang cuci muka pakai pakai bareng kulit kulit rawat rutin barengin neotropika klik alamat atas taruh kulit rawat rutin kasat tuang jel jel kenyal kenal suhu tubuh air kaya air pakai lupa kasih minggu pakai takut tua kering kering parah dasar kulit minyak kemarin ngerasain kulit kering pasti kulit rawat hasil cocok kulit kulit kering ringan kulit minyak ngeringin kering banget pakai kulit oke nanyain selesai pakai bikin kulit gantung bikin breakout gantung jelas anda pakai rutin anda henti lanjut kulit rawat cocok out-nya unsur gantung anda pakai pakai pakai kulit rawat cuci muka pakai pakai apa break up jerawat mana gantung kulit rawat rutin cleanser kulit bersih persepsi mulut gantung kulit selesai lepas bopeng breakout kulit oke lanjutin kulit rawat rutin pakai bareng nanyain ika benar ampuh bopeng pribadi afternya improve bopeng banget kulit bopeng infus kaca cermin kelereng lepas bapak kecuali jerawat pencet tinggal bekas bopeng pengaruh afternya banget ambil after beda pakai pakai habis kurang belah kiri belah kiri banget kaya mulus asli anda cermin bopeng benar cocok bopeng pengaruh cobain kulit progres cuman kondisi kulit kulit sama cocok cocok eh pakai bareng kemarin sempet ini nanyain gabung kulit rawat kim cari cocok kulit pakai pakai pakai bareng kakak ini pakai ikut essence lain pakai double kayak takut muka banyak takut maksimal ulas pakai efek kulit dapetin online shop kayak jual kemarin beli lupa gimana repot habis serum rumah takut beli kadaluarsanya pakai sayang banget banget ngabisin libur pokok top cocok acne scar kalimat cobain pakai ngapain ngabisin sensei rumah ngapain update anda habis maaf maaf banget kerja kayak susah anda pakai dermapen usahain dermapen segitu ari artika sambang moga suka cobain sayang habis botol bawa dengar dapat teman curhatan dm takut tutup jarang banget bales dm prioritasin bales anda curhat bantu teman butuh saran butuh pasu bantu juang acne scar juang jerawat teman,4
teman indo facial wash aku patah facial wash totalitas banget kasih jarang jenis sabun muka kemas tutup gin kasih book isi mil rp an terang kelas lho pi aman jenis kulit kulit sensitif jenis jel jl cocok jenis kulit minyak hubung muka tipe muka sensitif minyak kasih ulas jujur sesuai klan tolong simak habis kemas jar tab botol facial wash latih plastik cg barcode kemas kemas aroma aroma jeruk nipis segar banget aroma pakai rileks gunain biji jagung koran trik biar hasil busa guna pakai tangan pakai sabun muka pingin busa tangan pesta basah tetesin air taruh telapak tangan gosok gosok jel molekul pecah hasil busa dasar busa pakai lupa buka segel sabun banding ku produk etude house ukur istilah isi beda baking powder see kerja antar banget bersih rasa banget ngebersihin polri bilang cuci muka gunain facial wash pas pakai kapas kapas kuning kotor bersih cuci muka angkat kuning kuning kapas pakai kuning mata minyak tinggal pori angkat bersih sabun muka bukti banget angkat kotor pori sisa sisa minyak abang tinggal pori wajah melembabkan banget pas selesai cuci muka rasa banget lapis kulit atas lembab ekstra banget dar bersih muka dengar rasa efek cerah sarung rambut kulit pakai kencang wajah kencang arti garis kantung garis senyum angkat peduli suka pas bilas muka facial wash residu kelembaban balas air siram residu kelembaban hilang residu sabun kelembaban kandung cilember siput ganggu residu lengket muka ku pasti residu kelembaban lapis atas kulit muka sensitif minyak muka breakout muka jerawat bruntusan rasa efek kontrol minyak muka biar keluar kontrol gitulah minyak muka facial wash jerawat pakai muka jerawat wajah jerawat kelembaban ekstra maka muka sensitif rentan area dagu area dagu merespon buruk timbul ruam kaya jerawat jerawat merah merah gigit nyamuk simpul wajah sensitif minyak bagus banget manfaat real bukti sesuai klin produk area dagu tolak pakai area sensitif dahi respon buruk ganggu oke teman moga manfaat thanks for next lupa,4
teman fasilitas bilang teman terima kasih cryptid bunda wahyudi youtuber fantastis populer iya ayo teman baju ditanyain individu beda porno teman baju putih pindah hp hasil gelap banget teman cek cek baju putih hasil gelap rasuk kamera teman tolong banget den aku ulang ganti baju abu cerah hasil bagus teman teman part ulas men acno fight wasabi banding men acno fight wasabi men acno fight scrub in foam teman spesial banget cerita alam wajib banget teman lihat men acno fight wasabi sekarat info individu ulas men acno fight scrub in foam silah klik alamat teman lanjut temen-temen buang sebentar oke laki nomor indonesia salah tumbuh asal jepang teman milik akar lumayan tebal umbi milik bau lumayan sengat tajam tajam silet teman kandung ekstrak wasabi cerah kulit kandung salicylic lawan bakteri buka pikir proyek dunia sempurna milik kurang gimana sila teman oh teman banget tolong gratis bayar rugi satria kasih detik oke terima kasih teman pakai sabun basah wajah dibiasain basah telepon teman baca basah teman orang oke teman bukti kenang mantan lupa hutang hutang bayar lupa wajah benar cerah cerah mentari pagi hangat jiwa raga bunda jaman galau temen-temen teman usaha limpah teman warna hijau gelap hijau tua bau asad tumbuh kering teman gosok temen-temen bisa selesai istilah teman kasih baca manfaat sabun cerah lawan jerawat kecil pori hilang bekas jerawat hilang bintik hilang asa pendam mantan kau bilang bilang air teman kering gimana benar cerah cerah mentari pagi teman kering hidup beban aspal pulang lembut keset piring cuci jerawat temen-temen papa teman auto kaki naga tiru gaya teman caption oke teman ulas men acno fight wasabi banding teman dominan hijau kandung ekstrak warna hijau milik merah teman kandung herbalife pakai lumayan perih kulit teman segi manfaat lawan tanda jerawat lawan cerah teman segi tekstur kasar kandung bintik biru tua wasabi halus cuman lumayan bau teman teman banding cerita alam teman facial foam coba wasabi coba hari minggu pagi teman jerawat tumbuh teman benar cerah cerah cuman sebentar acara cuman tahan jam jam jam guna teman main gin jelek teman jelek cocok kulit teman cocok aku pindah men acno fight coba teman beli rp cocok guna habis beli teman teman lama jerawat sembuh muncul muncul sembuh depan muncul cocok pindah sabun walet sabun walet silah klik alamat temen-temen cocok henti guna teman jelek milik nomor bpom halal mui aman teman kulit cocok kulit manusia beda cocok kulit teman teman rekomendasi rekomendasi manfaat teman coba ulas banding guna lupa teman saran kritik sila lupa tonton moga manfaat teman jumpa,4
teman dinda kulit alami sakura white sengaja kemas sampel tampil baru versi sakura white keluar ngambil sampel produksi mie maju mundur cobain ci beli salah rp lupa isi mil kulit sensitif koin kulit cerah rona muka putih pucat orang pakai bedak mutih mutih muka putih pucat saking putih sisa rugi biar muka putih pucat aroma rangkai sakura white body lotion tekstur warna bening tekstur jelek pas pakai muka dia segitu serap banding seri kuning ambil tol atas lupa judul put pas digunain proses serap muka minyak sensitif minyak nyarap proses banget serap kaya tinggal tekstur lembab muka kulit atas tekstur lengket mouse tinggal muka kulit raba pakai tangan lumayan parah lumayan terima pakai wajah kering efek voice muka kulit banget kulit kering hubung kulit tipikal minyak susah pakai guna khasiat apa wajah manfaat reproduksi gemuk cerah halus area dagu emang muka arah rentan sensitif area dagu area dagu timbul jerawat merah merah serta hasil masalah dagu jam guna guna parah tiga parah kulit perih banget tipis pakai sabun muka sakit banget area dagu merah banget hasil foto kamera merah pakai muka sisa pakai ntar oke teman moga manfaat thanks for next lupa,5
pas baca anti jerawat sensitive kulit kulit rawan rentan masalah refill-nya hasil dapat pakai harap muka sensitif banget area dagu kiri kanan area rentan tolak terima muka cocok cepet banget responnya denpom benar bikin muka kering area dagu guna timbul jerawat kecil ruam jerawat timbul gatal pakai jerawat emang tambah segitu kering jerawat jerawat kempes sisik ular kelupas area wajah oke timbul kuat formula area kulit sensitif wajah sensitif formula keras serta foto cuci muka muka benar kering banget situ are massa timbul jerawat area dagu contoh pomnya temu air busa pakai muka timbul busa lama bisa hilang suka mudah bersih residu residu butuh ter bilas air terima wajah area akal guna jarak in minggu minggu muka kotor banget gimana komedo minyak kumpul pas pom muka pikir bagus banget pakai kulit cowok cowok balai kulit perempuan produksi minyak kulit cowok banding kulit perempuan rasa maksimal kerja banding kulit kulit perempuan kulit sensitif rasa masalah alami pakai teman revi moga manfaat lupa tanya kolom,5
ulas tarik banget coba coba cocok keluh apa tarik coba ulas salah facial foam facial foam banget varian ulas new light complete white speed brightening foam pure lemon essence brightening foam foam lembut mudah kuat sari lemon bersih wajah cerah singkat padat facial foam tuju cerah wajah kemas pakai ukur mil bulan-an gonta-ganti facial foam tutup pakai klip lumayan keras kuat suka patah buka film cium bau jeruk seger banget khas kebaya lemon belah asem asem seger parfum stok warna kuning pucat kasih air gosok sifat ubah ngasilin gelem kecil pas pakai-in muka lembut halus emang keras licin ngiranya gampang bilas gampang bilas pakai pas bilas rasa ketat pakai cuaca kering udara tarik pakai udara lembab cuaca panas tarik pakai malam tukul seger bersih banget printing ngomongnya lanjutin pakai minggu nonstop maksud pagi malam pakai serius gimana minggu minggu muncul bruntusan jidat muncul komedo komedo hidung mudah komedo susah hilang situ cari balik informasi kandung estin komposisi bahan kandung myristic palmitic teori asin tiga estin picu muncul komedo kulit guna es kulit rawat wajar banget pakai eksfoliasi kulit regenarasi kulit fungsi imbang ph pintar milih cocok tipe mulut myristic ensit pamit myristic komponen serap minyak lebih kotor debu macam cuman sifat lembab aman kulit kering palmitic sifat surfaktan sifat lemah hari kasih sisterakas efek kesat dijelasin jenis kulit kulit kering nyaman pakai semangat pakai pagi malam minggu situ pakai ganti selang seling pakai besok facial foam wajib banget pakai singgah beli cocok facial foam sakura rasa ramah kulit banding efek bersih rasa banget bilang facial foam rasa printing bersih segitu ulas dah,5
